1PL,אנחנו,anaxnu,_anaxnu,,,,,
1PL.POSS,שלנו,shelanu,s_elanu,,,,,
1SG,אותי,oti,_oti,,,,,
1SG,אני,ani,_ani,,,,,
1SG.POSS,שלי,sheli,s_eli,,,,,
2SG,אתה,ata,_ata,,,,,
2SG,אתה/ את,ata,_ata,at,_at,,,
2SG.POSS,שלך,shelax,shelxa,s_elak_,s_elk_a,,,
3PL,הם,hem,,,,,,
3SG,הוא,hu,hu_,,,,,
3SG,הוא/ היא,hu,hu_,hi,hi_,,,
a little,מעט,me'at,me_at_,,,,,
a lot,המון,hamon,,,,,,
above,מעל,me'al,me_al,,,,,
after,אח'כ,axka,_axka,,,,,
after,אחרי,axarey,axrey,_axarey,_axrey,,,
airplane,מטוס,matos,,,,,,
airplane,מטוס/ אווירון,matos,aviron,_awiron,,,,
all,הכל,hakol,kol,,,,,
all gone,אין,en,_eyn,,,,,
alligator,תנין,tanin,,,,,,
also,גם,gam,,,,,,
ambulance,אמבולנס,ambulans,_ambulans,,,,,
angry,כועס,ko'es,ko_es,,,,,
animal,חיה,xaya,,,,,,
ant,נמלה,nemala,,,,,,
apple,תפוח,tapuax,,,,,,
apron,סינר,sinar,,,,,,
armchair,כורסה,kursa,,,,,,
baa baa,מה מה,ma ma,,,,,,
baby,תינוק,tinok,tinoq,,,,,
baby,תינוק/ תינוקת,tinok,tinoq,tinoket,tinoqet,,,
babysitter,מטפלת,metapelet,,,,,,
babysitter,שמרטף/ בייביסיטר,shmartaf,s_martaf,beibisiter,,,,
bad,רע,ra,ra_,,,,,
bag,תיק,tik,tiq,,,,,
ball,כדור,kadur,,,,,,
balloon,בלון,balon,,,,,,
banana,בננה,banana,,,,,,
basket,סל,sal,,,,,,
bathe,לעשות אמבטיה,la'asot ambatya,la_asot _ambat_ya,,,,,
bathroom,שירותים,sherutim,s_erutim,,,,,
bathroom,שירותים/ בית שימוש,sherutim,s_erutim,beit shimush,beyt s_imu__,,,
bathtub,אמבטיה,ambatya,_ambat_ya,,,,,
beach,ים/ חוף ים,yam,xof yam,,,,,
beads,חרוזים,xaruz,xaruzim,,,,,
beans,שעועית,she'u'it,s_e_u_it,,,,,
bear,דב/ דובי,dov,dubi,,,,,
bedroom,חדר שינה,beit shena,beyt s_ena,,,,,
bedroom,מיטה,mita,mit_a,,,,,
bee,דבורה,dvora,,,,,,
beetle,חיפושית,xipushit,xipus_it,,,,,
before,לפני,lifnei,lifney,,,,,
behind,מאחורי,meaxorei,meaxorey,me_axorey,,,,
belly button,פופיק,pupik,,,,,,
belly button,פופיק/ טבור,pupik,tabur,t_abur,,,,
belt,חגורה,xagora,,,,,,
bench,ספסל,safsal,,,,,,
between,בין,ben,,,,,,
bib,סינור,sinur,,,,,,
bicycle,אופניים,ofanayim,_ofanayim,,,,,
big,גדול,gadol,,,,,,
bird,ציפור,cipor,,,,,,
bite,לנשוך,linshax,lins_ak_,,,,,
blanket,שמיכה,smixa,s_mixa,,,,,
blanket,סיר בישול,sir bishul,sir bis_ul,,,,,
bless,לברך,levarex,levarek_,,,,,
blocks,קוביה,kubim,qubim,,,,,
blow,לנשוף,linshof,lins_of,,,,,
boat,אניה,oniya,_oniya,,,,,
boat,סירה,sira,,,,,,
book,ספר,sefer,,,,,,
boots,מגפיים,magafim,,,,,,
bottle,בקבוק,bakbuk,baqbuq,,,,,
bowl,קערה,keara,qe_ara,,,,,
bowl,קערה/ קערית,keara,qe_ara,ka'arit,qa_arit,,,
box,קופסה,kufsa,qufsa,,,,,
boy,ילד,yeled,,,,,,
bread,לחם,lexem,,,,,,
break,לשבור,lishbor,lis_bor,,,,,
breast,ציצי,cici,,,,,,
bring,להביא,lihavi,,,,,,
broken,מקולקל,mekulkal,mequlqal,,,,,
broken,שבור,shavur,s_avur,,,,,
broom,מטאטא,matate,mat_ate_,,,,,
brush (action),להבריש,lihavrish,lihavris_,,,,,
brush (object),מברשת,mivreshet,mivres_et,,,,,
bubbles,בועות,bu'ot,buot,bu_ot,,,,
bucket,דלי,dli,,,,,,
bug,ג'וק,juk,djuk,_uq,,,,
bug,ג'וק/ תיקן,juk,djuk,_uq,tikan,,,
build,לבנות,livnot,,,,,,
bun,לחמניה,laxmaniya,,,,,,
bunny,שפן,shafan,s_afan,,,,,
bunny,שפן/ ארנבת,shafan,s_afan,arnevet,,,,
bus,אוטובוס,otobus,_otobus,,,,,
bus station,תחנת אוטובוס,taxanat otobus,taxanat _otobus,,,,,
bus station,תחנת אוטובוס,taxanat otobus,taxanat _otobus,,,,,
butt,טוסיק/ישבן,tusik,tusiq,yashvan,yas_van,,,
butter,מרגרינה,margarina,,,,,,
butter,מרגרינה/ חמאה,margarina,xema,xem_a,,,,
butterfly,פרפר,parpar,,,,,,
button,כפתור,kaftor,,,,,,
buy,לקנות,liknot,liqnot,,,,,
buzz,בזז,bzz,,,,,,
buzz,בזז...,bzz,,,,,,
bye,ביי,bay,,,,,,
bye,ביי/ להתראות,bay,lehitraot,,,,,
cake,עוגה,uga,_uga,,,,,
cake,עוגה/ עוגיה,uga,_uga,ugiya,_ugiya ,,,
camera,מצלמה,maclema,,,,,,
can (auxiliary),אפשר,efshar,efs_ar,,,,,
can (auxiliary),יכול,yaxol,yak_ol,,,,,
candy,ממתק,mamtak,mamtaq,,,,,
car,אוטו,oto,_ot_o,,,,,
car,אוטו/ מכונית,oto,_ot_o,mexonit,mek_onit,,,
careful,זהיר,zahir,,,,,,
carpet,שטיח,shatiax,s_atiax,,,,,
carrot,גזר,gezer,,,,,,
cat,חתול,xatul,,,,,,
catch,לתפוס,litpos,,,,,,
chair,כיסא,kise,kise_,,,,,
chalk,גיר,gir,,,,,,
change,להחליף,lehaxalif,,,,,,
chase,לרדוף,lirdof,,,,,,
cheek,לחי,lexi,,,,,,
cheek,לחי/ לחיים,lexi,lexayim,,,,,
cheese,גבינה,gvina,,,,,,
chick,אפרוח,efroax,_efroax,,,,,
chicken (food),עוף,of,'of,_of,,,,
child,ילד/ ילדה,yeled,yalda,,,,,
chin,סנטר,santer,,,,,,
chocolate,שוקולד,shokolad,s_oqolad,,,,,
choo choo,ציק ציק צאק,cik cik cak,cik cik ca_k,,,,,
choo choo,צ'יק צ'יק צ'אק,cik cik cak,cik cik ca_k,,,,,
choose,לבחור,livxor,,,,,,
church,בית כנסת,beit kneset,beyt kneset,,,,,
church,בית כנסת,beit kneset,beyt kneset,,,,,
clap,מחא כפיים,maxa kapaim,maxa_ kapaim,,,,,
clean (action),לנקות,lenakot,lenaqot,,,,,
clean (description),נקי,naki,naqi,,,,,
clementine,קלמנטינה,klementina,qlementina,,,,,
climb,לטפס,letapes,let_apes,,,,,
clock,שעון,shaun,sha'un,s_a_un,,,,
close,לסגור,lisgor,,,,,,
close,לסתום,listom,,,,,,
closet,ארון,aron,_aron,,,,,
cloud,ענן/ עננים,anan,_anan,,,,,
clown,ליצן,leican,lecan,,,,,
coat,מעיל,meil,me'il,me_il,,,,
cockadoodledoo,קוקוריקו,kukuriku,ququriqu,,,,,
coffee,קפה,kafe,qafe,,,,,
cold,קר,kar,qar,,,,,
color (action),לצבוע,licboa,licbo_a,,,,,
comb (action),לסרק,lesarek,lesareq,,,,,
comb (object),מסרק,masrek,masreq,,,,,
corn,תירס,tiras,,,,,,
couch,ספה,sapa,,,,,,
cover (action),לכסות,lekasot,lek_asot,,,,,
cow,פרה,para,,,,,,
cracker,קרקר,kraker,qraqer,,,,,
cry,לבכות,livkot,,,,,,
cucumber,מלפפון,melafefon,,,,,,
cup,כוס,kos,,,,,,
cup,כוס/ ספל,kos,sefel,,,,,
curtain,וילון,vilon,,,,,,
cut,לגזור,ligzor,,,,,,
cut,לחתוך,laxtok,laxtok_,,,,,
cute,חמוד,xamud,,,,,,
daddy,אבא,aba,_aba_,,,,,
dance,לרקוד,lirkod,lirqod,,,,,
dark,חושך,xoshek,xos_ek_,,,,,
deer,אייל,ayal,_ayal,,,,,
deer,אייל/ צבי/ במבי,ayal,_ayal,cvi,bambi,,,
descend,לרדת,laredet,,,,,,
diaper,טיטול,titul,t_it_ul,,,,,
diaper,טיטול/ חיתול,titul,t_it_ul,xitul,xit_ul,,,
dirty,מלוכלך,meluxlax,,,,,,
disgusting,מגעיל,magil,mag'il,mag_il,,,,
do,לעשות,la'asot,la_asot,,,,,
doctor,רופא,rupa,rupa_,,,,,
dog,כלב,kelev,,,,,,
doll,בובה,buba,,,,,,
don't,די,dai,,,,,,
donkey,חמור,xamor,,,,,,
door,דלת,delet,,,,,,
down,למטה,lemata,lemat_a,,,,,
drawer,מגירה,megera,,,,,,
dress (object),שמלה,simla,s_imla,,,,,
drink (action),לשתות,lishtot,lis_tot,,,,,
drive,לנהוג,linhog,,,,,,
drop,להפיל,lehapil,,,,,,
dry (action),ליבש,livosh,livos_,,,,,
dry (description),יבש,yavesh,yaves_,,,,,
duck,ברווז,barvaz,,,,,,
ear,אוזן,ozen,_ozen,,,,,
ear,אוזן/ אוזניים,ozen,_ozen,ozenim,_ozenim,,,
eat,לאכול,lekol,le_ek_ol,,,,,
egg,ביצה,beca,,,,,,
elephant,פיל,pil,,,,,,
empty,ריק,rik,riq,,,,,
enough,די,dai,,,,,,
every,כל,kol,,,,,,
everyone,כולם,kulam,,,,,,
excellent,מצויין,mecuyan,,,,,,
eye,עיין,ayin,_ayin,,,,,
eye,עין/ עיניים,ayin,_ayin,einayim,_eynayim,,,
face,פנים,panim,,,,,,
fall,ליפול,lipol,,,,,,
far,רחוק,raxok,raxoq,,,,,
fast,מהר,maher,,,,,,
fat,שמן,shemen,s_emen,,,,,
faucet,ברז,berez,,,,,,
feed,להאכיל,lehaaxil,leha_ak_il,,,,,
find,למצוא,limco,limco_,,,,,
finger,אצבעות,ecbaot,ecba'ot,ecba_ot,,,,
finish,לגמור,ligmor,,,,,,
firefighter,כבאי,kabai,kaba_i,,,,,
fish (animal),דג,dag,,,,,,
fish (food),דג,dag,,,,,,
fish (food),דג,dag,,,,,,
fit,להתאים,lehataim,lehat_aim,,,,,
fix,לתקן,letaken,letaqen,,,,,
flag,דגל,degel,,,,,,
flower,פרח,perax,,,,,,
flower pot,עציץ,acic,_acic,,,,,
fly (animal),זבוב,zvuv,,,,,,
food,אוכל,oxel,_oxel,,,,,
forehead,מצח,mecax,,,,,,
forest,חורשה,xursha,xurs_a,,,,,
fork,מזלג,mazleg,,,,,,
french fries,צ'יפס,cips,,,,,,
friend,חבר,xaver,,,,,,
friend,חבר/ חברה,xaver,xavera,,,,,
frog,צפרדע,cfardea,cfardea_,,,,,
full,מלא,male,male_,,,,,
game,משחק,mishxak,mis_xaq,,,,,
garage,חניה,xanaya,,,,,,
garage,חניה/ מוסך,xanaya,musax,musak_,,,,
garden,גן,gan,,,,,,
gas station,תחנת דלק,taxanat delek,taxanat deleq,,,,,
get up,לקום,lakum,laqum,,,,,
giraffe,ג'ירפה,girafa,_irafa,,,,,
give,לתת,latet,,,,,,
give me five,כיף/ תן כפה,kef kapah,ten kapah,,,,,
glasses,משקפיים,mishkafayim,mis_qafayim,,,,,
glove,כפפות,kfafim,,,,,,
glue (object),דבק,devek,deveq,,,,,
go eat,ללכת לאכול,lalexet leexhol,lalexet le_ek_ol,,,,,
go for a walk,ללכת לטייל,lalexet letayal,lalexet let_ayal,,,,,
go out,לצאת,lacet,lac_et,,,,,
go potty,לעשות פיפי בסיר,la'asot pipi basir,la_asot pip basir,,,,,
go to bed,ללכת לישון,lalexet lishon,lalek_et li__on,,,,,
gonna get you,לשחק תופסת,leshaxek tofeset,les_axeq tofeset,,,,,
good,טוב,tov,,,,,,
good morning,בוקר טוב,boker tov,boqer tov,,,,,
good night,לילה טוב,layla tov,,,,,,
goose,אווז,avaz,_avaz,,,,,
grandma,סבתא,savta,savta_,,,,,
grandpa,סבא,saba,saba_,,,,,
grapes,ענבים,anavim,_anavim,,,,,
grass,דשא,deshe,des_e_,,,,,
ground,אדמה,adama,_adama,,,,,
gum,מסטיק,mastik,mast_iq,,,,,
hair,שערות,se'arot,se_arot,,,,,
ham,נקניק,naknik,naqniq,,,,,
hammer,פטיש,patish,pat_i__,,,,,
hand,ידיים,yadayim,,,,,,
hand,יד/ ידיים,yad,yadayim,,,,,
happy,שמח,sameax,s_ameax,,,,,
hard,קשה,kashe,kas_e,,,,,
hat,כובע,kova,kova_,,,,,
hate,לשנוא,lisno,lis_no_,,,,,
have,יש לי,yesh li,yes_ li,,,,,
head,ראש,rosh,ro___,,,,,
hear,לשמוע,lishmoa,li_moa_,,,,,
heavy,כבד,kaved,,,,,,
hedgehog,קיפוד,kipod,qipod,,,,,
hee haw,אי אה,i a,_i _a,,,,,
hee haw,אי-אה,i a,_i _a,,,,,
helicopter,הליקופטר,helikopter,heliqopt_er,,,,,
help,לעזור,la'azor,la_azor,,,,,
here,הינה,hine,,,,,,
here,הנה,hine,,,,,,
here,כאן/ פה,kan,ka_n,po,,,,
hi,היי,hey,,,,,,
hi,היי/ שלום/ אהלן,hey,shalom,s_alom,ahlan,_ahlan,,
hide,להחביא,lehaxvi,lehaxvi_,,,,,
hide,להתחבא,lehitxabe,lehitxabe_,,,,,
high,גבוה,gavoah,,,,,,
hippopotamus,היפופוטם,hipopotam,hipopot_am,,,,,
hit,להכות,lehabot,,,,,,
hit,להכות/ להרביץ,lehabot,leharvic,,,,,
hold,להחזיק,lehaxazik,lehaxaziq,,,,,
honey,דבש,dvash,dvas_,,,,,
horse,סוס,sus,,,,,,
hose,צינור,cinor,,,,,,
hot,חם,xam,,,,,,
hot chocolate,שוקו,shoko,s_oqo,,,,,
house,בית,bayit,,,,,,
house,מעון,ma'on,ma_on,,,,,
house,בית/ הביתה,bayit,habayta,,,,,
how,איך,eyx,_eyk_,,,,,
how much,כמה,kama,,,,,,
hug,לחבק,lexabek,lexabeq,,,,,
hungry,רעב,ra'ev,ra_ev,,,,,
hurry,למהר,lemaher,,,,,,
ice cream,ארטיק,artik,_art_iq,,,,,
ice cream,ארטיק/ גלידה,artik,_art_iq,glida,,,,
in,בפנים/ בתוך,bifnim,betox,betok_,,,,
inside,בפנים,bifnim,,,,,,
jam,ריבה,riba,,,,,,
jeans,ג'ינס,gins,_iyns,,,,,
jeep,ג'יפ,gip,_iyp,,,,,
juice,מיץ,mic,,,,,,
jump,לקפוץ,likpoc,liqpoc,,,,,
keep,לשמור,lishmor,lis_mor,,,,,
key,מפתחות,maftexot,,,,,,
kick,לבעוט,livot,liv'ot,liv_ot_,,,,
kindergarten,גן (משפחתון/ פעוטון/ מעון/ גנון),gan,mishpaxton,pa'oton,pa_ot_on,ma'on,ma_on,ginun
kiss,לנשק,linshok,lins_oq,,,,,
kitchen,מטבח,mitbax,mit_bax,,,,,
knee,ברך,berex,berek_,,,,,
knee,ברך/ ברכיים,berex,berek_,birkayim,,,,
knife,סכין,sakin,,,,,,
knock,לדפוק,lidpok,lidpoq,,,,,
ladder,סולם,sulam,,,,,,
lamb,טלה,tale,,,,,,
lamp,מנורה,menora,,,,,,
last,אחרון,axaron,_axaron,,,,,
later,אחר כך,axar kax,_axar kak_,,,,,
leg,רגליים,raglayim,,,,,,
leg,רגל/ רגליים,regel,raglayim,,,,,
lick,ללקק,lelakek,lelaqeq,,,,,
light (action),להדליק,lehadlik,lehadliq,,,,,
light (object),אור,or,_or,,,,,
like,לחבב,lexabev,,,,,,
lion,אריה,arye,_arye,,,,,
lip,שפתיים,sfatayim,s_fatayim,,,,,
listen,להקשיב,lehakshiv,lehaqs_iv,,,,,
little (amount),מעט/ קצת,mat,m'at,m_at_,kcat,qcat,,
little (description),קטן,katan,qat_an,,,,,
living room,סלון,salon,,,,,,
lock (action),לנעול,linol,lin'ol,lin_ol,,,,
lollipop,סוכריה,sukariah,sukariyah,,,,,
long,ארוך,arox,_arok_,,,,,
look,לחפש,lexapes,lexapes_,,,,,
love,לאהוב,le'ehov,le_ehov,,,,,
mailman,דוור,divur,,,,,,
many,הרבה,harbe,,,,,,
marker,טוש,tush,t_u__,,,,,
market,סופרמרקט/ סופר/ מכולת,supermarket,supermarqet_,super,makolet,,,
meat,בשר,basar,bas_ar,,,,,
meatball,קציצה,kcica,qcica,,,,,
medicine,תרופה,trufa,,,,,,
melon,מלון,melon,,,,,,
meow,מיאו,miao,mia_o,,,,,
milk,חלב,xalav,,,,,,
moment,רגע,rega,rega_,,,,,
mommy,אמא,ima,_ima_,,,,,
money,כסף,kesef,,,,,,
monkey,קוף,kof,qof,,,,,
moo,מו,mu,,,,,,
moon,ירח,yareax,,,,,,
mop (object),מגב,magev,,,,,,
more,עוד,od,_od,,,,,
more,עוד,od,_od,,,,,
morning,בוקר,boker,boqer,,,,,
motorcycle,אופנוע,ofanoa,_ofano_a,,,,,
mountain,הר,har,,,,,,
mouse,עכבר,axbar,_ak_bar,,,,,
mouth,פה,pe,,,,,,
movie,סרט,seret,seret_,,,,,
NA,קטר,katar,qat_ar,,,,,
NA,סביבון,svivon,sevivon,,,,,
NA,במבה,bamba,,,,,,
NA,חביתה,xavita,,,,,,
NA,פתיתים,petitim,,,,,,
NA,גופיה,gufiya,,,,,,
NA,טריינינג,treyning,t_reyning,,,,,
NA,צריך,carix,carik_,,,,,
NA,שבת,shabat,s_abat,,,,,
NA,מה זה,ma ze,,,,,,
NA,מי זה,mi ze,,,,,,
NA,רעשן/ קשקשן,ra'ashan,ra_a__an,kashkeshan,qas_qe__an,,,
NA,מחבת,maxavat,,,,,,
NA,אפשר/ מותר,efshar,_ef__ar,mutar,,,,
NA,כואב לי/ כואב לך,ko'ev li,ko_ev li,ko'ev lxa,ko'ev lax,ko_ev lak_,ko_ev lk_a,
NA,כועס/ כועסת,ko'es,ko_es,ko'eset,ko_eset,,,
NA,לדבר בטלפון,ledaber batelefon,,,,,,
NA,עשר אצבעות לי יש,eser ecba'ot li yesh,_es_er _ecba_ot li ye__,,,,,
NA,תן לי,ten li,,,,,,
NA,לספר (סיפור),lesaper,lesaper sipur,,,,,
NA,יש לי/שלי,yesh li,yes_ li,sheli,s_eli,,,
nail (body part),ציפורניים,cipornayim,,,,,,
nail (object),מסמר,masmer,,,,,,
napkin,מפית,mapit,,,,,,
naughty,שובב,shovav,s_ovav,,,,,
neck,צואר,cavar,cava_r,,,,,
necklace,שרשרת,sharsheret,s_ar__eret,,,,,
necklace,שרשרת/ מחרוזת,sharsheret,s_ar__eret,maxrozet,mak_rozet,,,
neighbor,שכן,shaxen,s_ak_en,,,,,
neighbor,שכן/ שכנה,shaxen,s_ak_en,shexena,s_ek_ena,,,
new,חדש,xadash,xadas_,,,,,
next to,ליד/ על יד,lyad,al yad,_al yad,,,,
nice,נחמד,nexmad,,,,,,
night,לילה,layla,,,,,,
no,לא,lo,lo_,,,,,
no one,אף אחד,af exad,_af _exad,,,,,
noon,צהריים,cohorayim,,,,,,
nose,אף,af,_af,,,,,
nothing,כלום,klum,,,,,,
now,עכשיו,axshav,_ak___av,,,,,
nut,אגוזים,egozim,_egozim,,,,,
old,זקן,zaken,zaqen,,,,,
old,ישן,yashan,yas_an,,,,,
olive,זיתים,zetim,,,,,,
on,על,al,_al,,,,,
once,פעם,pa'am,pa_am,,,,,
one,אחד,exad,_exad,,,,,
open (action),לפתוח,liftoax,,,,,,
orange (food),תפוז,tapuz,,,,,,
ouch,אוי,oy,_oy,,,,,
ouch,אוי/ איה,oy,_oy,ay,_ay,aya,_aya,
oven,תנור,tanur,,,,,,
owie,כואב לי,ko'ev li,ko_ev li,,,,,
owl,ינשוף,yanshuf,yans_uf,,,,,
pacifier,מוצץ,mocec,,,,,,
paint (action),לצייר,lecayer,,,,,,
pajamas,פיג'מה,pigama,pijama,pi_ama,,,,
pancake,ופלה,vafla,,,,,,
pants,מכנסיים,mixnasayim,,,,,,
paper,נייר,nyar,,,,,,
park,גינה/ פארק,gina,park,p_arq,,,,
parrot,תוכי,tuki,,,,,,
party,מסיבה,mesiba,,,,,,
party,מסיבה,mesiba,,,,,,
pasta,ספגטי/ אטריות/ פסטה,spageti,spaget_i,itriyot,_it_riyot,pasta,pasta,
peach,אפרסק,afarsek,_afarseq,,,,,
peacock,טווס,tavas,,,,,,
pear,אגס,agas,_agas,,,,,
peas,אפונה,afuna,_afuna,,,,,
peekaboo,לשחק בקוקו,lesaxek bakuku,les_axeq baququ,,,,,
peekaboo,"לשחק ב""קוקו""",lesaxek bakuku,les_axeq baququ,,,,,
pen,עט,et,_et_,,,,,
pencil,עפרון,iparon,_iparon,,,,,
penguin,פינגווין,pingvin,,,,,,
penis,בולבול/פיפי,bulbul,pipi,,,,,
people,איש/ אנשים,ish,_i__,anashim,_ana__im,,,
pepper,פילפל,pilpel,,,,,,
person,איש,ish,_i__,,,,,
pickle,חמוצים/ מלפפון חמוץ,xamucim,melafefon xamuc,,,,,
picnic,פיקניק,piknik,piqniq,,,,,
picture,תמונה,tmuna,,,,,,
pig,חזיר,xazir,,,,,,
pigeon,יונה,yona,,,,,,
pillow,כרית,karit,,,,,,
pita,פיתה,pita,,,,,,
pizza,פיצה,pica,,,,,,
plant,צמח,camax,,,,,,
plate,צלחת,calaxat,,,,,,
play,לשחק,lesaxek,les_axeq,,,,,
play dough,בצק/ פלסטלינה,bacek,baceq,plastelina,plast_elina,,,
play pen,לול,lul,,,,,,
playground,גן שעשועים/ מגרש משחקים,gan sha'ashuim,gan s_a_a__u_im,migrash mishxakim,migras_ mi__xaqim,,,
please,בבקשה,bevakasha,bevaqas_a,,,,,
police,שוטר,shoter,s_ot_er,,,,,
pool,בריכה,brexa,,,,,,
porch,מרפסת,mirpeset,,,,,,
porridge,דייסה,daysa,,,,,,
pot,סיר,sir,,,,,,
potato,תפוח אדמה,tapuax adama,tapuax _adama,,,,,
potty,סיר,sir,,,,,,
potty,ישבנון/ סיר,yeshvanun,yes_vanun,sir,,,,
pour,למזוג,limzog,,,,,,
present,מתנה,matana,,,,,,
pretend,לעשות כאילו,la'asot kilu,la_as_ot k_ilu,,,,,
pretty,יפה,yafe,,,,,,
pretzel,בייגלה,beigale,,,,,,
pull,למשוך,limshox,lims_ok_,,,,,
puppy,גור,gur,,,,,,
purse,ארנק,arnak,_arnaq,,,,,
push,לדחוף,lidxof,,,,,,
put,לשים,lashim,las_im,,,,,
puzzle,פאזל/ הרכבה,pazel,pa_zel,harkava,,,,
quack quack,געגע,gaga,,,,,,
quack quack,גע גע,ga ga,,,,,,
quiet,שקט,shaket,s_aqet,,,,,
radio,רדיו,radyo,,,,,,
rain,גשם,geshem,ges_em,,,,,
raisin,צימוקים,cimukim,cimuqim,,,,,
rattle (object),רעשן,ra'ashan,ra_a__an,,,,,
read,לקרוא,likro,liqro_,,,,,
refrigerator,מקרר,mekarer,meqarer,,,,,
remove,להוריד,lehorid,,,,,,
rest,לנוח,lanuax,,,,,,
rice,אורז,orez,_orez,,,,,
ride,לרכב,lirkav,,,,,,
road,כביש,kvish,kvis_,,,,,
roof,גג,gag,,,,,,
room,חדר,xeder,,,,,,
rooster,תרנגול,tarngol,,,,,,
run,לרוץ,laruc,,,,,,
sad,עצוב,acuv,_acuv,,,,,
salt,מלח,melax,,,,,,
salty,מלוח,meluxa,,,,,,
sand,חול,xol,,,,,,
sandal,סנדלים,sandalim,,,,,,
sandbox,ארגז חול,argaz xol,_argaz xol,,,,,
sandwich,סנדוויץ/ כריך,sendvic,karix,karik_,,,,
sauce,טחינה,txina,t_xina,,,,,
say,להגיד,lehagid,,,,,,
scarf,צעיף,ca'if,ca_if,,,,,
schnitzel,שניצל,shnicel,s_nicel,,,,,
scissors,מספריים,misparayim,,,,,,
sea,ים,yam,,,,,,
see,לראות,lirot,lir_ot,,,,,
see,לראות/ להראות,lirot,lir_ot,leharot,lehar_ot,,,
shed,רפת,refet,,,,,,
shed,רפת,refet,,,,,,
sheep,כבשה,kivsa,kivs_a,,,,,
shh,ששש,shshsh,s_____,,,,,
shh,שש...ש,shshsh,s_____,,,,,
shirt,חולצה,xulca,,,,,,
shoe,נעליים,na'alayim,na_alayim,,,,,
shoe,נעל/ נעליים,na'al,na_al,na'alayim,na_alayim,,,
short,נמוך,namux,namuk_,,,,,
short,קצר,kacar,qacar,,,,,
shoulder,כתף/ כתפיים,katef,ketefayim,,,,,
shovel,את,et,_et,,,,,
shovel,את/ מעדר,et,_et,mader,ma'ader,ma_der,ma_ader,
shower,טוש/ מקלחת,dush,dus_,miklaxat,miklaqat,,,
shutter,תריס,tris,,,,,,
sibling,אח/ אחות,ax,_ax,axot,_axot,,,
sick,חולה,xole,,,,,,
sidewalk,מדרכה,midraxa,midrak_a,,,,,
sing,לשיר,leshir,les_ir,,,,,
sink,כיור,kiyor,,,,,,
sit,לשבת,lashevet,las_evet,,,,,
skirt,חצאית,xacait,xaca_it,,,,,
sky,שמיים,shamayim,s_amayim,,,,,
sleep,ללכת לישון,lalexet lishon,lalek_et li__on,,,,,
slide (object),מגלשה,maglesha,magles_a,,,,,
slipper,נעלי בית,na'aley bayit,na_aley bayit,,,,,
smart,חכם,xaxam,xak_am,,,,,
smile,לחייך,lexayex,lexayek_,,,,,
snake,נחש,naxash,naxas_,,,,,
sneaker,נעלי ספורט/ התעמלות,na'aley sport_,na_aley sport_,na'aley hitamlut,na_aley hit_amlut,,,
soap,סבון,sabon,,,,,,
sock,גרביים,garbayim,,,,,,
soda,קולה,kola,qola,,,,,
soft,רך,rax,rak_,,,,,
soup,מרק,marak,maraq,,,,,
spaghetti,ספגטי,spageti,spaget_i,,,,,
spill,לשפוך,lishpox,lis_pok_,,,,,
splash,להתיז,lehatiz,,,,,,
spoon,כף,kaf,,,,,,
spoon,כפית,kapit,,,,,,
spray,להתיז/ להשפריץ,lehatiz,lehashparic,lehas_paric,,,,
sprinkler,ממטרה,mamtera,,,,,,
squirrel,סנאי,snai,sna_i,,,,,
stairs,מדרגות,madregot,,,,,,
stand,לעמוד,la'amod,la_amod,,,,,
star,כוכב,koxav,kok_av,,,,,
star,כוכב/ כוכבים,koxav,kok_av,koxavim,kok_avim,,,
stay,להשאר,lehishaer,lehis_a_er,,,,,
stick,מקל,makel,maqel,,,,,
stone,אבן,even,_even,,,,,
stop,לעצור,la'acor,la_acor,,,,,
store,חנות,xanut,,,,,,
store,סופר,super,,,,,,
store,חנות,xanut,,,,,,
story,סיפור,sipur,,,,,,
strawberry,תות,tut,,,,,,
street,רחוב,rexov,,,,,,
stroller,עגלה,agala,_agala,,,,,
strong,חזק,xazak,xazaq,,,,,
sun,שמש,shemesh,s_eme__,,,,,
sweater,סוודר,sveder,,,,,,
sweep,לטאטא,letate,let_a_t_e_,,,,,
sweet,מתוק,matok,matoq,,,,,
swim,לשחות,lishxot,lis_xot,,,,,
swimsuit,בגד ים,beged yam,,,,,,
swing (action),להתנדנד,lehitnadned,,,,,,
swing (object),נדנדה,nadneda,,,,,,
table,שולחן,shulxan,s_ulxan,,,,,
tablecloth,מפה,mapa,,,,,,
take,לקחת,lakaxat,laqaxat,,,,,
talk,לדבר,ledaber,,,,,,
tape,טייפ/קלטת,teyp,kaletet,qalet_et,,,,
taste,לטעום,litom,lit'om,lit_om,,,,
tea,תה,te,,,,,,
teacher,גננת,ganenet,,,,,,
teacher,גננת/ מורה,more,ganenet,,,,,
tear,לקרוע,likroa,,,,,,
teddybear,דובי,dubi,,,,,,
telephone,טלפון,telefon,,,,,,
tell,לספר,lesaper,,,,,,
ten fingers,עשר אצבעות,eser ecba'ot,_es_er _ecba_ot,,,,,
thank you,תודה,toda,,,,,,
there,שם,sham,s_am,,,,,
they,הם,hem,,,,,,
thin,רזה,raze,,,,,,
thirsty,צמא,came,came_,,,,,
this,זה,ze,,,,,,
those,אלה,ele,_ele,,,,,
throw,לזרוק,lizrok,lizroq,,,,,
thumb,אגודל,agudal,_agudal,,,,,
tickle,לדגדג,ledagdeg,,,,,,
tiger,נמר,namer,,,,,,
tights,גרביונים/ טייטס,garbiyonim,tayits,t_ayit_s,,,,
tired,עייף,iyef,_iyef,,,,,
tissue,טישיו/ ממחטה,tishav,t_i__av,mimxata,mimxat_a,,,
toast,טוסט,toset,t_oset_,,,,,
today,היום,hayom,,,,,,
toe,אגודל/ בוהן,agudal,_agudal,bohen,,,,
tomato,עגבניה,agvaniya,_agvaniya,,,,,
tomorrow,מחר,maxar,,,,,,
tongue,לשון,lashon,las_on,,,,,
tooth,שיניים,shinayim,s_inayim,,,,,
tooth,שן/ שיניים,shen,s_en,shinayim,s_inayim,,,
toothbrush,מברשת שיניים,mivreshet shinayim,mivres_et __inayim,,,,,
touch,לגעת,laga'at,laga_at,,,,,
towel,מגבת,magevet,,,,,,
tower,מגדל,migdal,,,,,,
toy (object),צעצוע,ca'acua,ca_acua,,,,,
tractor,טרקטור,traktor,t_raqt_or,,,,,
train,רכבת,rakevet,,,,,,
trash,אשפה,ashpa,_a__pa,,,,,
trash,אשפה/ זבל/ פח,ashpa,_a__pa,zevel,pax,,,
tray,מגש,magash,magas_,,,,,
tree,עץ,ec,_ec,,,,,
truck,משאית,masa'it,mas_a_it,,,,,
tummy,בטן,beten,bet_en,,,,,
tuna,טונה,tuna,t_una,,,,,
turkey,תרנגול הודו,tarngol hodu,,,,,,
turn around,להסתובב,lehistovev,,,,,,
turn off,לכבות,lexabot,,,,,,
turtle,צב,cav,,,,,,
tv,טלויזיה,televizya,t_elevizya,,,,,
tweet tweet,ציף ציף,cip cip,,,,,,
ugly,מכוער,mexo'ar,mek_o_ar,,,,,
uncle,דוד,dod,,,,,,
uncle,דוד/ דודה,dod,doda,,,,,
under,מתחת,mitaxat,,,,,,
underpants,תחתונים,taxtonim,,,,,,
up,למעלה,lemala,,,,,,
vacuum,שואב אבק,sho'ev avak,s_o_ev _avaq,,,,,
vest,אפודה,afuda,_afuda,,,,,
vroom,וון וון,vun vun,,,,,,
vroom,וון וון/ הנ/ ברר,vun vun,han,brr,,,,
wait,לחכות,lexakot,,,,,,
wake,להעיר,leha'ir,leha_ir,,,,,
walk,ללכת,lalexet,,,,,,
wanna,אני רוצה,ani roce,_ani roce,,,,,
was,היה,haya,,,,,,
wash,לרחוץ,lirxoc,,,,,,
wash,לרחוץ/ לשטוף,lirxoc,lishtof,lis_t_of,,,,
washing machine,מכונת כביסה,mexonat kvisa,,,,,,
watch (action),להסתכל,lehistakel,,,,,,
water (beverage),מים,mayim,,,,,,
watermelon,אבטיח,avatiax,_avat_iax,,,,,
wet (description),רטוב,ratov,rat_ov,,,,,
what,מה,ma,,,,,,
when (question),מתי,matai,,,,,,
where (question),איפה,efo,_efo,,,,,
which (question),איזה,eize,eiz_e,,,,,
who,מי,mi,,,,,,
why,למה,lama,,,,,,
wind,רוח,ruax,,,,,,
window,חלון,xalon,,,,,,
wipe,לנגב,lenagev,,,,,,
with,עם,am,_am,,,,,
wolf,זאב,zev,z_ev,,,,,
woof woof,הב הב,hav hav,,,,,,
woof woof,האו/ הב הב,hau,ha_u,hav hav,,,,
work (action),לעבוד,la'avod,la_avod,,,,,
work (place),עבודה,avoda,_avoda,,,,,
work (place),עבודה,avoda,_avoda,,,,,
wow,הופה,hopa,,,,,,
write,לכתוב,lixtov,lik_tov,,,,,
yard,גינה,gina,,,,,,
yard,חצר,xacer,,,,,,
yes,כן,ken,,,,,,
yesterday,אתמול,etmol,_etmol,,,,,
yogurt,לבן/ יוגורט/ מעדן,lavan,yogurt,yogurt_,ma'adan,ma_adan,,
yum yum,הם/ מ מ...מ,ham,mmm,,,,,
yummy,טעים,ta'im,ta_im,,,,,
zebra,זברה,zebra,,,,,,
zipper,רוכסן,roxan,rok_an,,,,,
zipper,רוכסן/ ריצ'רץ,roxan,rok_an,ricrec,ri�re�,,,
zoo,גן חיות,gan xayot,,,,,,
zoo,גן חיות,gan xayot,,,,,,