WS,WG,Form1,Form2A,Form2B,Form3,Swingley,category,definition,gloss,uni_lemma,new_gloss,new_uni_lemma,old ordering,notes
item_1,item_1,item_1,,,,,sounds,au/ai(pijn),ouch,ouch,ouch,ouch,1,
item_2,item_2,item_2,item_1,,,,sounds,behbeh(schaap),baa baa,baa baa,baa baa,baa baa,2,
item_3,item_3,item_3,item_2,,,,sounds,beu/boe/meu/moeh(koe),moo,moo,moo,moo,3,
item_4,,,,item_1,,,sounds,blubblub(vis),,,,,4,
item_5,item_4,item_4,,,,,sounds,grrr(grommen),rawr,roar,,,5,
item_6,,,,item_2,,,sounds,hallo(telefoon),hello,,,,6,
item_7,,,item_3,,,,sounds,ie-aaie-aa(ezel),hee-haw,bray,,,7,
item_8,,,,item_3,,,sounds,juujuu/huuhuu(paard),neigh,neigh,,,8,
item_9,,,,item_4,,,sounds,knorknor/ngrngr(varken),oink,oink,oink,oink,9,
item_10,item_5,item_5,,,,,sounds,kukelukuu(haan),cock-a-doodle-doo,cock-a-doodle-doo,,,10,
item_11,item_6,item_6,,item_5,,,sounds,kwakkwak(eend),quack quack,quack quack,quack quack,quack quack,11,
item_12,item_7,item_7,,item_6,,,sounds,miauw/mauw(poes),meow,meow,,,12,
item_13,item_8,item_8,,item_7,,,sounds,mjammjam(lekker),yum yum,yum yum,yummy yummy,yummy yummy,13,
item_14,item_9,item_9,item_4,,,,sounds,ohooh(verbazing),,,,,14,
item_15,,,,item_8,,,sounds,pieppiep(muis),squeak,squeak,,,15,
item_16,item_10,item_10,,,,,sounds,ssss(slang),hiss,hiss,,,16,
item_17,item_11,item_11,,item_9,,,sounds,tiktak(klok),tick-tock,tick-tock,,,17,
item_18,item_12,item_12,item_5,,,,sounds,tjoek(e)tjoek(trein),choo choo,choo choo,choo choo,choo choo,18,
item_19,,,,,,,sounds,tuutatuuta(ziekenwagen/ziekenauto/brandweer/politieauto),nee-naw,,,,19,
item_20,item_13,item_13,item_6,,,,sounds,vroem/broem(auto),vroom,vroom,,,20,
item_21,item_14,item_14,,item_10,,,sounds,wafwaf(hond),woof woof,woof woof,woof woof,woof woof,21,
item_22,item_15,,,,,item_49,animals,aap,monkey,monkey,monkey,monkey,22,
item_23,item_16,item_15,,,,item_47,animals,beer,bear,bear,bear,bear,23,
item_24,item_17,item_16,,,,,animals,bij(dier),bee,bee,,,24,
item_25,item_18,,,item_11,,,animals,dier/beest,animal/beast,animal,,,25,
item_26,item_19,,,,,item_42,animals,eend,duck,duck,duck,duck,26,
item_27,,,item_7,,,item_39,animals,egel,hedgehog,hedgehog,hedgehog,hedgehog,27,
item_28,item_20,,item_8,,item_1,item_38,animals,ezel,donkey,donkey,donkey,donkey,28,
item_29,item_21,,,,,,animals,geit,goat,goat,goat,goat,29,
item_30,item_22,,,,,,animals,giraf,giraffe,giraffe,giraffe,giraffe,30,
item_31,,,item_9,,,,animals,haan,chicken (animal),chicken (animal),cock/rooster (animal),cock(animal),31,
item_32,,,,,,,animals,hamster/cavia,hamster/cavia,rodent,,,32,
item_33,item_23,,,,,,animals,hert/Bambi,deer,deer,deer,deer,33,
item_34,item_24,item_17,item_10,,,,animals,hond(je),(little) dog,dog,dog,dog,34,
item_35,item_25,item_18,,item_12,,,animals,kat/poes(je),(little) cat,cat,cat,cat,35,
item_36,item_26,,,,,item_29,animals,kikker,frog,frog,frog,frog,36,
item_37,item_27,item_19,,item_13,,,animals,kip(dier),chicken (animal),chicken (animal),,,37,
item_38,item_28,item_20,item_11,,,item_51,animals,koe,cow,cow,,,38,
item_39,item_29,,,,,,animals,konijn(tje),(little) bunny,bunny,rabbit,rabbit,39,
item_40,item_30,,,,,item_61,animals,krokodil,crocodile,crocodile,,,40,
item_41,item_31,,,,,,animals,lam(metje),(little) lamb,lamb,,,41,
item_42,item_32,,item_12,,,item_45,animals,leeuw,lion,lion,lion,lion,42,
item_43,,,,,,,animals,luipaard,leopard,leopard,,,43,
item_44,,,,,,item_44,animals,mier,ant,ant,,,44,
item_45,,,,,,,animals,mug/vlieg,mosquito/fly,mosquito,,,45,
item_46,item_33,,,,,item_41,animals,muis,mouse,mouse,mouse,mouse  (animal),46,
item_47,item_34,,item_13,,,item_60,animals,olifant,elephant,elephant,elephant,elephant,47,
item_48,item_35,item_21,,item_14,,item_46,animals,paard,horse,horse,horse,horse,48,
item_49,,,,,,,animals,panter,panther,panther,,,49,
item_50,,,item_14,,,,animals,papegaai,parrot,parrot,,,50,
item_51,,,item_15,,,,animals,pinguin/Pingu,penguin,penguin,penguin,penguin,51,
item_52,,,,,,,animals,pony,pony,pony,,,52,
item_53,,,,,,,animals,rups,caterpillar,catepillar,,,53,
item_54,item_36,,,,,item_55,animals,schaap,sheep,sheep,,,54,
item_55,item_37,,,,,item_36,animals,schildpad,turtle,turtle,,,55,
item_56,item_38,,item_16,,,item_52,animals,slang,snake,snake,,,56,
item_57,item_39,,,,,item_34,animals,spin,spider,spider,,,57,
item_58,item_40,,,,,item_48,toys,teddybeer,teddybear,teddybear,,,58,
item_59,item_41,,,,,item_56,animals,tijger,tiger,tiger,,,59,
item_60,item_42,,,,,item_28,animals,uil,owl,owl,,,60,
item_61,item_43,,,,,item_62,animals,varken,pig,pig,,,61,
item_62,item_44,item_22,,item_15,,,animals,vis(dier),fish,fish (animal),,,62,
item_63,item_45,,item_17,,,item_50,animals,vlinder,butterfly,butterfly,,,63,
item_64,item_46,,,,,item_58,animals,vogel,bird,bird,,,64,
item_65,,,,,,item_53,animals,vos,fox,fox,,,65,
item_66,item_47,,,,,item_63,animals,wolf,wolf,wolf,,,66,
item_67,,,item_18,,,,animals,zebra,zebra,zebra,,,67,
item_68,item_48,item_23,item_19,,,item_70,vehicles,auto,car,car,,,68,
item_69,,,,,,item_78,vehicles,boot,boat,boat,,,69,
item_70,item_49,,,item_16,,,vehicles,brandweerwagen/brandweerauto,fire truck,fire truck,,,70,
item_71,item_50,item_24,,,,,vehicles,brommer/bromfiets/moto(r)/motorfiets,motorcycle,motorcycle,,,71,
item_72,,,,item_17,,,vehicles,buggy/koets/kinderwagen,pram,pram,,,72,
item_73,,,,,,,vehicles,bulldozer,bulldozer,bulldozer,,,73,
item_74,item_51,,,,,item_74,vehicles,bus,bus,bus,,,74,
item_75,item_52,,item_20,,,item_66,vehicles,fiets,bike,bicycle,,,75,
item_76,,,,item_18,,,vehicles,helicopter,helicopter,helicopter,,,76,
item_77,,,,item_19,,,vehicles,kraan(opbouwwerf)/hijskraan,crane,crane,,,77,
item_78,,,,,,,vehicles,slee,sled,sled,,,78,
item_79,item_53,,,,,item_67,vehicles,tractor,tractor,tractor,,,79,
item_80,,,,,,,vehicles,tram,tram,tram,,,80,
item_81,item_54,,,item_20,,item_75,vehicles,trein,train,train,,,81,
item_82,item_55,,,,,item_69,vehicles,vliegtuig,airplane,airplane,,,82,
item_83,item_56,item_25,item_21,,,,vehicles,vrachtwagen/camion/vrachtauto,truck,truck,,,83,
item_84,item_57,,,item_21,,,vehicles,ziekenwagen/ambulance/ziekenauto,ambulance,ambulance,,,84,
item_85,item_58,item_26,,item_22,,item_89,toys,bal,bal,,ball,ball,85,
item_86,item_59,item_27,item_22,,,item_85,toys,ballon,balloon,balloon,,,86,
item_87,item_60,,,,,item_86,toys,blokken,blocks,block,,,87,
item_88,item_61,item_28,,item_23,,item_82,toys,boek,book,book,,,88,
item_89,,,,,,,toys,cadeau(tje),present,gift,,,89,
item_90,,,,,,,toys,klei/plasticine,clay,moddeling clay,,,90,
item_91,,,item_23,,,,toys,kleurpotloden,colored pencils,pencil,,,91,
item_92,item_62,,,,item_2,,toys,kralen/parels,beads,bead,,,92,
item_93,,,,,,,toys,krijt,crayon,crayon,,,93,
item_94,,,,item_24,,,toys,lijm,glue,glue,,,94,
item_95,item_63,,,,,,toys,pen/stylo,pen,pen,,,95,
item_96,item_64,item_29,,,,item_88,toys,pop,doll,doll,,,96,
item_97,,,,,,,toys,potlood,pencil,pencil,,,97,
item_98,,,,,,,toys,puzzel,puzzle,puzzle,,,98,
item_99,,,,item_25,,,toys,schuim/zeepbellen/bellenblaas,foam/bubble,foam,,,99,
item_100,item_65,,,,,,toys,speelgoed(je),(little) toy,toy,,,100,
item_101,,,,item_26,,,toys,spel(letje),(little) game,game,,,101,
item_102,,,,,,,toys,verhaal,story,story,,,102,
item_103,,,,,,,toys,vingerverf,finger paint,paint,,,103,
item_104,item_66,,,,,,food_drink,aardappel/patatjes,potato,potato,potato,potato,104,
item_105,,,,,,,food_drink,aardbei(en),strawberry,strawberry,,,105,
item_106,item_67,,,item_27,,item_108,food_drink,appel,apple,apple,apple,apple,106,
item_107,,,,,,,food_drink,appelmoes,applesauce,applesauce,applesauce,applesauce,107,
item_108,item_68,,,,,,food_drink,appelsien/sinaasappel,orange (food),orange (food),,,108,
item_109,item_69,item_30,,item_28,,item_127,food_drink,banaan,banana,banana,banana,banana,109,
item_110,,,,,,,food_drink,beschuit(je)/cracotje/crackertje,biscuit,biscuit,,,110,
item_111,,,,,,,food_drink,boontjes,beans,bean,,,111,
item_112,item_70,,item_24,,,item_101,food_drink,boter,butter,butter,,,112,
item_113,item_71,item_31,,,,item_122,food_drink,boterham,sandwich,sandwich,,,113,
item_114,item_72,,,,,item_97,food_drink,brood,bread,bread,,,114,
item_115,item_73,,item_25,,,item_116,food_drink,cake,cake,cake,,,115,
item_116,item_74,,,item_29,,item_105,food_drink,chips,chips,chips,,,116,
item_117,,,,,,,food_drink,choco,,,,,117,
item_118,item_75,,,,,item_92,food_drink,chocolade,chocolate,chocolate,,,118,
item_119,,,,,,,food_drink,chocomousse,chocolate mousse,chocolate mousse,,,119,
item_120,,,,,,,food_drink,cola/limonade,cola/coke/lemonade,lemonade,,,120,
item_121,item_76,,,,,,food_drink,cornflakes/muesli,cornflakes/granola,cornflakes/granola,,,121,
item_122,item_77,,,,,,food_drink,drankje/drinken/blikje,drink,beverage,,,122,
item_123,item_78,,,,,item_119,food_drink,druif,grape,grapes,,,123,
item_124,item_79,,,,,item_98,food_drink,ei,egg,egg,,,124,
item_125,item_80,,,item_30,,item_91,food_drink,erwtjes,peas,peas,,,125,
item_126,item_81,item_32,,,,,food_drink,(het)eten,food,food,,,126,
item_127,,,item_26,,,,food_drink,frieten/frietjes,fries,fries,,,127,
item_128,item_82,,,,,,food_drink,Fristi/Jogidrink,,beverage,,,128,
item_129,item_83,,,,,,food_drink,fruitsap/sap,juice,juice,juice,juice,129,
item_130,,,,,,,food_drink,gelei/confituur/jam,jelly,jelly,jelly,jelly,130,
item_131,,,,,,,food_drink,hagelslag/muisjes,sprinkles,sprinkles,sprinkles,sprinkles,131,
item_132,,,,,,,food_drink,hamburger,hamburger,hamburger,hamburger,hamburger,132,
item_133,item_84,,,,,,food_drink,ijs/crème/ijsje,ice cream,ice cream,,,133,
item_134,,,,item_31,,,food_drink,ijslolly/frisco,ice cream lollipop,ice cream lollipop,,,134,
item_135,item_85,,item_27,,,item_115,food_drink,kaas,cheese,cheese,cheese,cheese,135,
item_136,,,,,item_3,,food_drink,kauwgom,chewing gum,chewing gum,,,136,
item_137,item_86,,,,,,food_drink,kip(eten),chicken (food),chicken (food),chicken (food),chicken (food),137,
item_138,item_87,item_33,,item_32,,item_94,food_drink,koekje,biscuit/cookie,cookie,cookie,cookie,138,
item_139,item_88,,,,,,food_drink,koffie/thee,coffee/tea,coffee,coffee,coffee,139,
item_140,,,,,,,food_drink,komkommer,cucumber,cucumber,cucumber,cucumber,140,
item_141,,,item_28,,,,food_drink,kroketjes/gebakkenaardappeltjes,,,,,141,
item_142,,,,,,,food_drink,lolly/lekstok,lollipop,lollipop,,,142,
item_143,item_89,,,item_33,,item_110,food_drink,melk,milk,milk,,,143,
item_144,,,,,,,food_drink,meloen,melon,melon,,,144,
item_145,,,,,,,food_drink,nootjes,nuts,nut,,,145,
item_146,,,,item_34,,,food_drink,pannenkoek,pancake,pancake,pancake,pancake,146,
item_147,item_90,item_34,,,,item_113,food_drink,pap,porridge/dad:pops,porridge,porridge,porridge,147,
item_148,item_91,,,,,item_102,food_drink,peer,pear,pear,pear,pear,148,
item_149,,,,,,,food_drink,PetitGervais(plattekaas)/Danoontje,,,,,149,
item_150,,,,,,,food_drink,pizza,pizza,pizza,pizza,pizza,150,
item_151,,,,,,,food_drink,popcorn,popcorn,popcorn,popcorn,popcorn,151,
item_152,,,,item_35,,,food_drink,pudding,pudding,pudding,pudding,pudding,152,
item_153,,,,,,,food_drink,puree,puree,puree,,,153,
item_154,item_92,,item_29,,,item_125,food_drink,rijst,rice,rice,rice,rice,154,
item_155,item_93,,,item_36,,,food_drink,rozijntjes,raisins,rasin,,,155,
item_156,,,,item_37,,,food_drink,sandwich/pistolet/broodje/kadetje,sandwich,sandwich,sandwich,sandwich,156,
item_157,,,,,item_4,,food_drink,saus,sauce,sauce,,,157,
item_158,item_94,,,,,,food_drink,snoep(je),sweet,sweet,,,158,
item_159,,,,,,,food_drink,soep,soup,soup,soup,soup,159,
item_160,item_95,,item_30,,,item_106,food_drink,spaghetti,spaghetti,spaghetti,spaghetti,spaghetti,160,
item_161,,,,,,,food_drink,stokbrood,baguette,bread,,,161,
item_162,,,,,,,food_drink,suiker,sugar,sugar,sugar,sugar,162,
item_163,item_96,,,item_38,,item_100,food_drink,taart,cake/pie,pie,pie,pie,163,
item_164,item_97,,,,item_5,,food_drink,toast/geroosterdbrood,toast,toast,toast,toast,164,
item_165,item_98,,,,,,food_drink,vis(eten),fish (food),fish (food),fish (food),fish (food),165,
item_166,,,,,,,food_drink,vitamientjes,vitamins,vitamin,,,166,
item_167,item_99,,item_31,,,item_93,food_drink,vlees,meat/flesh,meat,meat,meat (food),167,
item_168,item_100,,,,,,food_drink,water(eten),water (drink),water (drink),water (drink),water (drink),168,
item_169,,,,,,,food_drink,worst,sausage,sausage,,,169,
item_170,item_101,,,,,,food_drink,wortel(tjes),carrot(s),carrot,,,170,
item_171,,,,,,,food_drink,yoghurt/plattekaas/kaas,yogurt,yogurt,yogurt,yogurt,171,
item_172,,,,,item_6,,food_drink,zout,salt,salt,salt,salt,172,
item_173,item_102,,,item_39,,,clothing,(hals)ketting,chain,chain (jewellery),,,173,
item_174,,,,,,,clothing,handschoenen/wanten,gloves,gloves,gloves,gloves,174,
item_175,item_103,,,,,,clothing,hemd/bloes,shirt,shirt,,,175,
item_176,item_104,,,,,item_142,clothing,hoed,hat,hat,,,176,
item_177,item_105,,,item_40,,,clothing,jas,jacket,jacket,,,177,
item_178,item_106,,,,,,clothing,jeans(broek)/spijkerbroek,jeans,jeans,,,178,
item_179,item_107,,,,,,clothing,kleedje/jurkje,dress,dress,,,179,
item_180,item_108,,,item_41,,item_157,clothing,knoop,button,button,,,180,
item_181,item_109,item_35,item_32,,,,clothing,kous/sok,sock,sock ,,,181,
item_182,,,,,,,clothing,kousebroek/collants/maillot,pantyhose,pantyhose,,,182,
item_183,item_110,,,,,,clothing,laarsjes/botjes,boots,boot,,,183,
item_184,item_111,,,,,,clothing,(lange)broek,pants,pants,,,184,
item_185,item_112,item_36,item_33,,,,clothing,luier/pamper,diaper,diaper,,,185,
item_186,item_113,,item_34,,,item_145,clothing,muts,hat/cap (material=wool),hat,,,186,
item_187,item_114,,,item_42,,,clothing,onderbroek(je)/slipje/broekje,underpants,underpants,,,187,
item_188,item_115,,,,,,clothing,onderhemd(je),undershirt,undershirt,,,188,
item_189,,,,,,,clothing,pantoffels/slofjes,slippers,slipper,,,189,
item_190,,,,,,,clothing,pet,cap,cap,,,190,
item_191,item_116,,,,,,clothing,pyjama/slaapkleed/nachtjapon,pyjama,pyjama,,,191,
item_192,,,,,,,clothing,riem,belt,belt,,,192,
item_193,item_117,,item_35,,,item_153,clothing,rits,zipper,zipper,,,193,
item_194,item_118,item_37,,,,item_155,clothing,schoen,shoe,shoe,,,194,
item_195,item_119,,,,,,clothing,short/kortebroek,shorts,shorts,,,195,
item_196,,,,item_43,,,clothing,sjaal/das,shawl ,shawl,,,196,
item_197,item_120,,,item_44,,,clothing,slabbetje/bavet,bib,bib,,,197,
item_198,item_121,,,,,,clothing,trui/sweater/pull,sweater,sweater,,,198,
item_199,item_122,,item_36,,,item_138,clothing,T-shirt,T-shirt,t-shirt,,,199,
item_200,item_123,item_38,,item_45,,,clothing,tut(je)/(fop)speen,dummy,dummy,,,200,
item_201,,,item_37,,,,clothing,zwembroek/zwempak/badpak,swimming pants/swimming suit,swimwear,,,201,
item_202,item_124,,,,,item_177,body_parts,arm,arm,arm,,,202,
item_203,item_125,,,,,item_168,body_parts,been,leg,leg,,,203,
item_204,item_126,,,item_46,,,body_parts,billen/poep,buttock/poo,buttock/poo,,,204,
item_205,,,item_38,,,,body_parts,borst,breast,breast,,,205,
item_206,item_127,,,,,item_180,body_parts,buik,belly,belly,,,206,
item_207,,,,,item_7,,body_parts,duim,thumb,thumb,,,207,
item_208,,,,,,,body_parts,enkel,ankle,ankle,,,208,
item_209,item_128,,,,item_8,item_176,body_parts,gezicht,face,face,,,209,
item_210,item_129,,,,,,body_parts,haar(lichaam),hair,hair (body),,,210,
item_211,item_130,,item_39,,,item_160,body_parts,hand,hand,hand,,,211,
item_212,item_131,,,,,item_173,body_parts,hoofd,head,head,,,212,
item_213,,,,,,,body_parts,kin,chin,chin,,,213,
item_214,item_132,,,,,item_174,body_parts,knie,knee,knee,,,214,
item_215,,,item_40,,,,body_parts,lippen,lips,lip,,,215,
item_216,item_133,,,,,item_175,body_parts,mond,mouth,mouth,,,216,
item_217,,,,,,,body_parts,nagel(lichaam),nail,nail (body),,,217,
item_218,item_134,,,item_47,,item_178,body_parts,navel,navel,belly button,,,218,
item_219,,,,,,,body_parts,nek/hals,neck,neck,,,219,
item_220,item_135,,item_41,,,item_165,body_parts,neus,nose,nose,,,220,
item_221,item_136,,,,,item_179,body_parts,oog,eye,eye,,,221,
item_222,item_137,,,,,item_159,body_parts,oor,ear,ear,,,222,
item_223,,,,,,,body_parts,piemel/plasser,willy,dick,,,223,
item_224,item_138,,,,,item_167,body_parts,rug,back,back,,,224,
item_225,,,,,,,body_parts,schouder,shoulder,shoulder,,,225,
item_226,,,,,,,body_parts,tanden,teeth,tooth,,,226,
item_227,item_139,,,item_48,,item_161,body_parts,teen,toe,toe,,,227,
item_228,item_140,,,,,item_166,body_parts,tong,tongue,tongue,,,228,
item_229,,,,,,,body_parts,vagina/spleetje,vagina,vagina,,,229,
item_230,item_141,,,,,item_170,body_parts,vinger,finger,finger,,,230,
item_231,,,,,,,body_parts,voeten,feet,foot,,,231,
item_232,item_142,,,,,,body_parts,wang/kaak,cheek/jaw,cheek/jaw,,,232,
item_233,item_143,,item_42,,,item_244,household,bord,plate,plate,,,233,
item_234,,,,,,,household,borstel/bezem/veger,brush/broom,brush/broom,,,234,
item_235,item_144,,,,,item_242,household,bril,glasses,glasses,,,235,
item_236,,,item_43,,,,household,camera/fototoestel,camera,camera,,,236,
item_237,,,,item_49,item_9,,household,computer,computer,computer,,,237,
item_238,item_145,,item_44,,,,household,deken/dekbed,blanket,blanket,,,238,
item_239,item_146,,,,,item_254,household,doos,box,box,,,239,
item_240,,,,,,,household,dweil,mop,mop,,,240,
item_241,,,,,,,household,emmer,bucket,bucket,,,241,
item_242,item_147,item_39,,,,item_230,household,fles,bottle,bottle,,,242,
item_243,item_148,,,,,item_238,household,foto,foto,,picture,picture,243,
item_244,item_149,,,,,,household,geld/centen/centjes,money/cents,money,,,244,
item_245,item_150,,,,item_10,item_245,household,glas,glass,glass,,,245,
item_246,item_151,,,,,item_263,household,hamer,hammer,hammer,,,246,
item_247,item_152,,,item_50,,item_250,household,handdoek,towel,towel,,,247,
item_248,,,,,,,household,kam/borstel,(hair)brush,(hair)brush,,,248,
item_249,,,,,,,household,kan,jug,jug,,,249,
item_250,item_153,,,item_51,,,household,kom/schaal,bowl,bowl,,,250,
item_251,item_154,,,,,item_240,household,krant,newspaper,newspaper,,,251,
item_252,item_155,,,,,item_251,household,kussen,pillow,pillow,,,252,
item_253,item_156,item_40,,,,,household,lamp/licht,lamp/light,lamp,,,253,
item_254,item_157,,,item_52,,item_249,household,lepel,spoon,spoon,,,254,
item_255,,,,,,,household,mand(je)/korf,basket,basket,,,255,
item_256,item_158,,,,,,household,medicijn(en)(sirooppilletjedrankje)/medicament,,,medicines,medicine,256,
item_257,item_159,,,,,item_256,household,mes,knife,knife,,,257,
item_258,,,,,,,household,nagel(voorwerp),nail ,nail (item),,,258,
item_259,,,,,,,household,plakband/tape,tape,tape,,,259,
item_260,item_160,,,,,item_226,household,plant,plant,plant,,,260,
item_261,,,,item_53,,,household,portemonnee/portefeuille,wallet,wallet,,,261,
item_262,,,item_45,,,,household,pot,jar,jar,,,262,
item_263,item_161,,,item_54,,item_205,household,radio,radio,radio,,,263,
item_264,,,item_46,,,item_236,household,rommel,mess,mess,,,264,
item_265,item_162,,,,,item_239,household,schaar,scissors,scissors,,,265,
item_266,,,,,,,household,schilderij,painting,painting,,,266,
item_267,,,,,,,household,servet,napkin,napkin,,,267,
item_268,,,,,,,household,shampoo,shampoo,shampoo,,,268,
item_269,item_163,,,,,,household,sleutel(s),key(s),key,,,269,
item_270,,,,,,,household,spaarpot/spaarvarken,piggy bank,piggy bank,,,270,
item_271,item_164,,,,,item_261,household,stofzuiger,vacuum cleaner,vacuum,,,271,
item_272,item_165,,item_47,,,item_262,household,tandenborstel,toothbrush,toothbrush,,,272,
item_273,item_166,,,,,,household,tas/kop(je)/beker,cup,cup,,,273,
item_274,,,,item_55,,,household,tekening/prent,drawing,drawing,,,274,
item_275,item_167,item_41,,,,item_248,household,telefoon,telephone,telephone,,,275,
item_276,item_168,item_42,,,,,household,uurwerk/klok/horloge,watch,watch,,,276,
item_277,item_169,,,,,item_257,household,vork,fork,fork,,,277,
item_278,,,,,,,household,vuilbak/vuilnisemmer,bin,bin,,,278,
item_279,,,,,,,household,vuilnis/afval,garbage,garbage,,,279,
item_280,,,,item_56,,item_188,household,vuur,cooker/stove,stove,,,280,
item_281,item_170,,item_48,,,item_224,household,washandje,washcloth,washcloth,,,281,
item_282,,,item_49,,,,household,zakdoek(papier),tissue,tissue,,,282,
item_283,item_171,,,,,item_255,household,zeep,soap,soap,,,283,
item_284,item_172,,,,,,furniture_rooms,(baby)box/park,playpen,playpen,,,284,
item_285,item_173,item_43,,,,item_193,furniture_rooms,bad,bath,bath,bathtub,bathtub,285,
item_286,item_174,,,,,item_214,furniture_rooms,badkamer,bathroom,bathroom,,,286,
item_287,item_175,,,,,item_217,furniture_rooms,bed,bed,bed,,,287,
item_288,item_176,item_44,,,,item_215,furniture_rooms,deur,door,door,,,288,
item_289,,,,,,item_192,furniture_rooms,douche,shower,shower,,,289,
item_290,,,,,,,furniture_rooms,droogkast/droogtrommel,tumble dryer,tumble dryer,,,290,
item_291,item_177,,,,,item_218,furniture_rooms,garage,garage,garage,,,291,
item_292,item_178,,,item_57,,,furniture_rooms,gootsteen/afwasbak,sink,sink,,,292,
item_293,item_179,,item_50,,,,furniture_rooms,kachel/openhaard,heater/fireplace,heater/fireplace,,,293,
item_294,,,,,,item_186,furniture_rooms,kamer,room,room,,,294,
item_295,item_180,,,,,item_194,furniture_rooms,kast,cupboard,cupboard,,,295,
item_296,item_181,,,,,item_219,furniture_rooms,kelder,cellar,cellar,,,296,
item_297,item_182,,,,item_11,item_200,furniture_rooms,keuken,kitchen,kitchen,,,297,
item_298,item_183,,,,,item_209,furniture_rooms,kinderstoel,baby chair,baby chair,,,298,
item_299,item_184,,item_51,,,,furniture_rooms,koelkast/frigo/ijskast/diepvries,fridge/freezer,fridge/freezer,,,299,
item_300,item_185,,,item_58,,,furniture_rooms,lade/schuif,drawer,drawer,,,300,
item_301,item_186,,,,,item_210,furniture_rooms,oven,oven,oven,,,301,
item_302,item_187,,,item_59,,item_220,furniture_rooms,potje,pot (little),pot,jar,jar,302,
item_303,item_188,,,,,item_189,furniture_rooms,schommelstoel,rocking chair,rocking chair,,,303,
item_304,item_189,,item_52,,,item_196,furniture_rooms,slaapkamer,bedroom,bedroom,,,304,
item_305,,,,,,item_227,furniture_rooms,spiegel,mirror,mirror,,,305,
item_306,item_190,,,,,item_208,furniture_rooms,stoel,chair,chair,,,306,
item_307,item_191,,item_53,,,item_195,furniture_rooms,tafel,table,table,,,307,
item_308,,,,,item_12,,furniture_rooms,terras,terrace,terrace,,,308,
item_309,item_192,,,,,,furniture_rooms,trap(pen),stairs,stairs,,,309,
item_310,item_193,,,,,,furniture_rooms,TV/televisie,TV/television,television,,,310,
item_311,item_194,,,,,,furniture_rooms,venster/raam,window,window,,,311,
item_312,,,,,,,furniture_rooms,veranda/balkon,porch/balcony,porch/balcony,,,312,
item_313,item_195,,,,,,furniture_rooms,WC/toilet,toilet,toilet,,,313,
item_314,,,item_54,,,item_204,furniture_rooms,wasmachine,washing machine,washing machine,,,314,
item_315,item_196,,,item_60,,item_184,furniture_rooms,wieg,carriage,,cradle,cradle,315,
item_316,item_197,,,,,,furniture_rooms,woonkamer/living/huiskamer,living room,living room,,,316,
item_317,item_198,,,,,,furniture_rooms,zetel/divan/sofa/bank,sofa/couch,sofa,,,317,
item_318,item_199,item_45,,,,item_267,outside,bloem,flower,flower,,,318,
item_319,item_200,item_46,,,,item_268,outside,boom,tree,tree,,,319,
item_320,,,,,,,outside,dak,roof,roof,,,320,
item_321,,,,,,,outside,gieter,watering can,watering can,,,321,
item_322,,,,,,,outside,glijbaan/schuifaf,slide,slide,,,322,
item_323,,,,item_61,,item_281,outside,gras,grass,grass,,,323,
item_324,,,,,,,outside,grasmachine/grasmaaier,lawnmower,lawnmower,,,324,
item_325,,,item_55,,item_13,,outside,ladder,ladder,ladder,,,325,
item_326,item_201,,,,,,outside,lucht/hemel,sky/heaven,sky,,,326,
,,,,,,,outside,maand,month,month,,,327,
item_327,item_202,,,,,item_273,outside,regen,rain,rain,,,328,
item_328,item_203,,,,,item_278,outside,schommel,swing,swing (object),,,329,
item_329,,,,,,,outside,schop/schup/schepje,shovel,shovel,,,330,
item_330,item_204,,,,,item_276,outside,sneeuw,snow,snow,,,331,
item_331,,,,,,,outside,sneeuwman/sneeuwpop,snowman,snowman,,,332,
item_332,,,,,,,outside,steen/kei/kiezelsteen,stone/rock,rock,,,333,
item_333,,,,,,,outside,stoep/trottoir,sidewalk,sidewalk,,,334,
item_334,,,item_56,,,,outside,stok,stick,stick,,,335,
item_335,item_205,,,,,item_285,outside,straat,street,street,,,336,
item_336,,,,,,,outside,tuinslang/waterslang,garden hose,garden hose,,,337,
item_337,,,,,,,outside,vlag,flag,flag,,,338,
item_338,item_206,,,,,,outside,water(plaats),lake,lake,,,339,
item_339,item_207,,,,,item_266,outside,wind,wind,wind,,,340,
item_340,item_208,,item_57,,item_14,item_279,outside,wolk,cloud,cloud,,,341,
item_341,item_209,,,,,item_280,outside,zandbak,sandbox,sandbox,,,342,
item_342,item_210,item_47,,,,item_275,outside,zon,sun,sun,,,343,
item_343,item_211,,,item_62,,item_274,outside,zwembad,swimming-pool,swimming pool,swimming pool,,344,
item_344,,,item_58,,,,places,bakker,baker,baker,,,345,
item_345,item_212,,,,,item_291,places,boerderij,farm,farm,,,346,
item_346,item_213,,,,,item_288,places,bos,forest,woods,,,347,
item_347,item_214,item_48,item_59,,,item_298,places,buiten,outdoor,outdoors,outdoors,,348,
item_348,,,,,item_15,,places,camping,camping,camping,,,349,
item_349,,,,,,,places,circus,circus,circus,,,350,
item_350,item_215,,item_60,,,,places,crèche/kinderdagverblijf,daycare,daycare,,,351,
item_351,item_216,,,,item_16,,places,dierentuin/zoo,zoo,zoo,,,352,
item_352,item_217,,,item_63,,,places,feest(je),party,party,,,353,
item_353,,,,,,,places,film,movie,movie,,,354,
item_354,,,,,,,places,hetwerkvan,,,,,355,
item_355,item_218,,,,,item_287,places,huis,house,house,,,356,
item_356,item_219,,,item_64,,item_292,places,kerk,church,church,,,357,
item_357,item_220,,,,,item_294,places,park,park,park,,,358,
item_358,,,,,,,places,picknick,picknick,picknick,,,359,
item_359,item_221,,,,,item_296,places,school,school,school,,,360,
item_360,,,,,,,places,slager,butcher,butcher,,,361,
item_361,item_222,,,,,item_297,places,speeltuin,playground,playground,,,362,
item_362,,,,,,,places,tankstation/pompstation,gas station,gas station,,,363,
item_363,item_223,,,item_65,,item_290,places,thuis,home,home,,,364,
item_364,item_224,,,,,item_293,places,tuin,garden,garden,,,365,
item_365,item_225,,,item_66,,item_282,places,winkel,shop,store,,,366,
item_366,,,,item_67,,,places,zee/strand,beach,beach,beach,beach,367,
item_367,item_226,item_49,,,,item_311,people,baby,baby,baby,,,368,
item_368,item_227,,,,,,people,babysitter,nanny/babysitter,nanny,,,369,
item_369,,,,,,,people,brandweerman,fireman,fireman,,,370,
item_370,item_228,item_50,,,,,people,broer(tje),(little) brother,brother,,,371,
item_371,,,,item_68,,,people,clown/Pippo,clown,clown,,,372,
item_372,,,,,item_17,,people,cowboy,cowboy,cowboy,,,373,
item_373,,,,,,,people,dokter,doctor,doctor,,,374,
item_374,,,,,,,people,eenpersoon,a person,person,,,375,
item_375,item_229,,,item_69,,item_304,people,jongen,boy,boy,,,376,
item_376,,,,,,,people,juf(frouw)/meester,teacher,teacher,,,377,
item_377,item_230,item_51,,item_70,item_18,,people,kind(je),child,child,,,378,
item_378,item_231,item_52,,,,item_308,people,mama,Mom(my),mother,,,379,
item_379,item_232,,,,,item_305,people,meisje,girl,girl,,,380,
item_380,item_233,,,,,item_315,people,meneer,Sir,sir,mister,male,381,
item_381,item_234,,,,,item_307,people,mensen,people,people,,,382,
item_382,item_235,,item_61,,,item_313,people,mevrouw,Mrs,,miss/misses,female,383,
item_383,item_236,,,item_71,,,people,naamvanbabysitter,,,,,384,
item_384,,,,item_72,,,people,naamvanhuisdier,,,,,385,
item_385,item_237,item_53,,,,,people,naamvankind,,,,,386,
item_386,item_238,item_54,,item_73,,item_316,people,oma,grandma,grandma,,,387,
item_387,item_239,,,,,,people,oom/nonkel,uncle,uncle,,,388,
item_388,item_240,item_55,item_62,,,item_310,people,opa,granddad,grandpa,,,389,
item_389,item_241,item_56,,,,item_317,people,papa,papa,,dad,daddy,390,"was 'father', but uni-lemma is daddy"
item_390,,,,item_74,,,people,politie/agent,policeman,policeman,,,391,
item_391,,,,,,,people,postbode,postman,postman,,,392,
item_392,item_242,,,item_75,,item_309,people,tante,aunt,aunt,,,393,
item_393,,,,,,,people,verpleegster/zuster,(female) nurse,nurse,,,394,
item_394,,,item_63,,,,people,vriend/vriendin,friend,friend,,,395,
item_395,item_243,item_57,,,,,people,zus(je),(little) sister,sister,,,396,
item_396,,,,,,,games_routines,bellen/telefoneren,call,call (verb),,,397,
item_397,item_244,item_58,item_64,,,,games_routines,dadadoen/daaag,say bye,,,,398,
item_398,item_245,item_59,item_65,,,,games_routines,danku/dankuwel,thank you,thanks,,,399,
item_399,,,,item_76,,,games_routines,dododoen/gaanslapen/slapieslapiedoen,going to bed,going to bed,,,400,
item_400,,,,,,,games_routines,etensavonds,having dinner,having dinner,,,401,
item_401,item_246,item_60,,,,,games_routines,hallo/hoi,hello/hi,hello,,,402,
item_402,,,,,,,games_routines,handjegeven,shake hands,shake hands,,,403,
item_403,,,item_66,,,,games_routines,handjesdraaien/klappenindehandjes/stampenmetdevoetjes,turning hands/clapping hands/stamping feet,,,,404,
item_404,,,,item_77,,,games_routines,hoor(t)!,hear,hear,,,405,
item_405,,,item_67,,,,games_routines,inbadgaan,take a bath,take a bath,,,406,
item_406,item_247,item_61,item_68,,,item_500,games_routines,ja,yes,yes,,,407,
item_407,,,item_69,,,,games_routines,kiekeboe/piep!,peek a boo,peek a boo,,,408,
item_408,,,item_70,,,,games_routines,middageten,lunch,lunch,,,409,
item_409,,,,,,,games_routines,(middag)slaapje/dutjedoen,(take a) nap,to sleep,,,410,
item_410,item_248,item_62,item_71,,,item_507,games_routines,nee,no,no,,,411,
item_411,,,,,,,games_routines,ontbijt/ontbijten,(to have) breakfast,(to have) breakfast,,,412,
item_412,,,,,,,games_routines,ophetpotjegaanofzitten,go potty,go potty,,,413,
item_413,,,item_72,,,,games_routines,ronddraaien,turn around,turn around,,,414,
item_414,item_249,,item_73,,,,games_routines,slaapwel/goedenacht/welterusten/slaaplekker,goodnight/sleep well,goodnight/sleep well,,,415,
item_415,,,item_74,,,,games_routines,sst(zwijgen)/stilzijn,shh,shush,,,416,
item_416,item_250,,,,,,games_routines,tandjespoetsen,brush teeth,to brush teeth,,,417,
item_417,,,,,,,games_routines,totmorgen!(routine),see you tomorrow!,,,,418,
item_418,,,,,,,games_routines,winkelen,to go shopping,shopping,,,419,
item_419,,,,,,,games_routines,zogroot!,so big!,,,,420,
item_420,item_251,item_63,,,,,descriptive_words,allesweg/op,all done,all done ,,,421,
item_421,,,,,,,descriptive_words,arm(tgstrijk),poor,poor (financial),,,422,
item_422,,,,,,,descriptive_words,bang/schrik,afraid/scared,scared,,,423,
item_423,,,,,,,descriptive_words,beter,better,better,,,424,
item_424,item_252,,,,,item_419,descriptive_words,blauw,blue,blue,,,425,
item_425,item_253,,,item_78,,item_420,descriptive_words,blij,happy,happy,,,426,
item_426,,,,,,,descriptive_words,bruin,brown,brown,,,427,
item_427,item_254,,,,,item_404,descriptive_words,donker,dark,dark,,,428,
item_428,item_255,,,,,,descriptive_words,dorst(hebben),(to be) thirsty,(to be) thirsty,,,429,
item_429,item_256,,item_75,,,item_410,descriptive_words,droog,dry,dry (description),,,430,
item_430,,,,,,,descriptive_words,eerst,first,first,,,431,
item_431,,,,,,,descriptive_words,gebroken/kapot/stuk,broken,broken,,,432,
item_432,,,,,,,descriptive_words,geel,yellow,yellow,,,433,
item_433,,,,,,,descriptive_words,gek(raar),weird (strange),strange,,,434,
item_434,item_257,,,,,,descriptive_words,goed/OK,good/OK,good,,,435,
item_435,,,,,,,descriptive_words,groen,green,green,,,436,
item_436,item_258,,,,,item_424,descriptive_words,groot,large,large,,,437,
item_437,item_259,,,,,,descriptive_words,honger(hebben),(to be) hungry,(to be) hungry,,,438,
item_438,,,,,,,descriptive_words,hoog,high,high,,,439,
item_439,item_260,,,,,,descriptive_words,isaanhetslapen,is sleeping,is sleeping,,,440,
item_440,item_261,,,,,item_433,descriptive_words,klein,small,small,,,441,
item_441,item_262,,item_76,,,item_430,descriptive_words,koud,cold,cold,,,442,
item_442,,,,item_79,item_19,,descriptive_words,kwaad/boos,angry/mad,angry,,,443,
item_443,,,,,,,descriptive_words,laatste,last,last,,,444,
item_444,,,,,item_20,,descriptive_words,lang,long/tall,long/tall,,,445,
item_445,,,,,,,descriptive_words,lawaai,noise,noise,,,446,
item_446,item_263,,,item_80,item_21,item_432,descriptive_words,leeg,empty,empty,,,447,
item_447,item_264,,,,,,descriptive_words,lief/schattig,cute,cute,,,448,
item_448,,,,item_81,,,descriptive_words,luid,loud,loud,,,449,
item_449,,,,,,,descriptive_words,mals,tender,tender,,,450,
item_450,item_265,,,,,item_440,descriptive_words,moe,tired,tired,,,451,
item_451,,,item_77,,,,descriptive_words,moeilijk,difficult,difficult,,,452,
item_452,item_266,,,,,item_422,descriptive_words,mooi,beautifull,beautiful,beautiful,,453,
item_453,item_267,,,,,item_408,descriptive_words,nat,wet,wet (description),,,454,
item_454,,,item_78,,,,descriptive_words,nieuw,new,new,,,455,
item_455,,,,,item_22,,descriptive_words,oranje,orange,orange,,,456,
item_456,,,,,,,descriptive_words,oud,old,old,,,457,
item_457,item_268,,,,,,descriptive_words,pijn(hebben),(to be in) pain,(to be in) pain,,,458,
item_458,,,,item_82,,,descriptive_words,plakkerig,sticky,sticky,,,459,
item_459,,,,,,,descriptive_words,proper/schoon/netjes,clean,clean,,,460,
item_460,,,,,,,descriptive_words,rijk(tgstarm),rich,rich,,,461,
item_461,item_269,,,,,item_415,descriptive_words,rood,red,red,,,462,
item_462,,,,,,,descriptive_words,rustig/stil,calm/silent,calm/silent,,,463,
item_463,item_270,,item_79,,,item_435,descriptive_words,slecht,bad,bad,,,464,
item_464,item_271,,item_80,,,item_402,descriptive_words,stout,naughty,naughty,,,465,
item_465,,,,,,,descriptive_words,traag/langzaam,slow,slow,,,466,
item_466,,,,,,,descriptive_words,vast,fixed,fixed,,,467,
item_467,,,,,,,descriptive_words,verdrietig,sad,sad,,,468,
item_468,item_272,,item_81,,,,descriptive_words,vlug/snel,quick,quick,,,469,
item_469,,,,,,,descriptive_words,vol,full,full,,,470,
item_470,item_273,,,,,item_400,descriptive_words,voorzichtig,carefull,careful,careful,,471,
item_471,,,,,,,descriptive_words,vriendelijk,friendly,friendly,,,472,
item_472,item_274,,,,,,descriptive_words,vuil/vies/bah!,dirty/yuk!,dirty/yuk,,,473,
item_473,,,,,,,descriptive_words,wakker,awake,awake,,,474,
item_474,item_275,item_64,item_82,,,,descriptive_words,warm/heet,warm/hot,warm,,,475,
item_475,,,,item_83,,,descriptive_words,wit,white,white,,,476,
item_476,item_276,,,,,item_403,descriptive_words,zacht,soft,soft,,,477,
item_477,item_277,,,,,item_439,descriptive_words,ziek,sick,sick,,,478,
item_478,,,,,,,descriptive_words,zwaar,heavy,heavy,,,479,
item_479,,,item_83,,,,descriptive_words,zwart,black,black,,,480,
item_480,item_278,item_65,,item_84,,,action_words,aanraken/aankomen,touch,touch (verb),,,481,
item_481,item_279,,,,,,action_words,afdrogen,dry,dry (verb),,,482,
item_482,,,,,,,action_words,afwassen,do the dishes,do the dished,,,483,
item_483,,,,,,,action_words,bedekken,cover up,cover up (verb),,,484,
item_484,item_280,,,item_85,,item_333,action_words,bijten,to bite,bite,,bite (verb),485,
item_485,item_281,item_66,,,,item_385,action_words,blazen,to blow,blow,,blow (verb),486,
item_486,,,,,,,action_words,blijven,to stay,stay (verb),,,487,
item_487,,,,,,,action_words,boetseren/kleien,clay modeling,clay modeling,,,488,
item_488,item_282,item_67,item_84,,,item_367,action_words,botsen,to bump,bump ,,,489,
item_489,,,,item_86,,,action_words,bouwen,to build,build,,,490,
item_490,item_283,,,,,,action_words,breken/kapotmaken,to break,break (verb),,,491,
item_491,item_284,,,,,item_339,action_words,brengen,to bring,bring,,,492,
item_492,item_285,item_68,,,,item_334,action_words,dansen,to dance,dance,,dance (verb),493,
item_493,,,,item_87,,,action_words,delen/verdelen,to divide,divide,,,494,
item_494,,,,,item_23,,action_words,denken,to think,think,,,495,
item_495,,,,,,,action_words,doenalsof,to act like,act like,,,496,
item_496,,,,,,,action_words,dragen,to wear,wear ,,,497,
item_497,item_286,item_69,,,,item_324,action_words,drinken,to drink,drink (action),,,498,
item_498,,,,item_88,,,action_words,drogen,dry,dry (verb),,,499,
item_499,item_287,,,item_89,,item_386,action_words,duwen,to push,push,,,500,
item_500,,,,,,,action_words,eindigen/stoppen,to finish,finish,,,501,
item_501,item_288,item_70,,,,,action_words,eten(ww),to eat,eat,,,502,
item_502,,,,,,,action_words,etengeven/voeren,to feed,feed,,,503,
item_503,,,,,,,action_words,gaan/stappen/lopen,to go/walk,go/walk,,,504,
item_504,item_289,,,,,,action_words,geefaan,indicate,indicate,,,505,
item_505,item_290,item_71,,,,item_326,action_words,geven,to give,give,,,506,
item_506,,,,,,,action_words,glijden/schuiven,glide/shove,glide/shove,,,507,
item_507,item_291,,,,,,action_words,gooien/werpen,to throw,to throw,,,508,
item_508,,,item_85,,,,action_words,haasten/zichspoeden,to hurry up,to hurry up,,,509,
item_509,,,,,item_24,,action_words,haten,to hate,hate (verb),,,510,
item_510,item_292,,,,,,action_words,hebben,to have,have,,,511,
item_511,item_293,,,item_90,,item_370,action_words,helpen,to help,help,,,512,
item_512,,,,,,,action_words,herstellen/maken/repareren,to repair,repair (verb),,,513,
item_513,,,,,,,action_words,horen,to hear,hear (verb),,,514,
item_514,,,,item_91,,item_320,action_words,houden,to keep,keep,,,515,
item_515,item_294,,item_86,,,,action_words,houdenvan/graagzien/liefvinden,to love,love (verb),,,516,
item_516,,,item_87,,,,action_words,inschenken/gieten,to pour,pour (verb),,,517,
item_517,,,,,,,action_words,jagen,to hunt,hunt (verb),,,518,
item_518,,,item_88,,,,action_words,kietelen,to tickle,tickle,,,519,
item_519,,,,,,,action_words,kiezen,to choose,choose,,,520,
item_520,item_295,item_72,,,,item_319,action_words,kijken,to look,look,,,521,
item_521,,,,item_92,,,action_words,klappen(inhanden),to clap (hands),clap,,,522,
item_522,,,,item_93,,,action_words,klimmen,to climb,climb (verb),,,523,
item_523,,,,,,,action_words,kloppen,to knock,knock (verb),,,524,
item_524,,,,,,,action_words,knippen,to cut,cut (verb),,,525,
item_525,item_296,item_73,,,,,action_words,knuffelen/goedvastpakken/stevigvastpakken,to hug,hug (verb),,,526,
item_526,,,,,,,action_words,koken/etenmaken,to cook,cook,,,527,
item_527,,,,,,,action_words,kopen,to buy,buy,,,528,
item_528,item_297,,,,,item_342,action_words,krijgen,to get,get,,,529,
item_529,item_298,,,,,,action_words,kuisen/poetsen/schoonmaken,to clean,clean (verb),,,530,
item_530,item_299,,,item_94,,,action_words,kussen/kusjegeven/zoenen,to kiss,kiss (verb),,,531,
item_531,item_300,,,,,item_379,action_words,lachen,to smile,smile,,,532,
item_532,,,item_89,,item_25,,action_words,latenvallen,to drop,drop,,,533,
item_533,item_301,,,,,item_361,action_words,lezen,to read,read,,,534,
item_534,,,item_90,,,,action_words,likken,to lick,lick,,,535,
item_535,item_302,,,,,,action_words,lopen/rennen,to walk/run,walk/run (verb),,,536,
item_536,,,item_91,,,,action_words,luisteren,to listen,listen (verb),,,537,
item_537,,,item_92,,,,action_words,maken,to make,make,,,538,
item_538,,,,item_95,,,action_words,morsen/knoeien,to spill,spill (verb),,,539,
item_539,,,,,,,action_words,neergooien/opdegrondgooien/weggooien,to throw away,throw away,,,540,
item_540,,,,,,,action_words,nemen/pakken,to take,take,,,541,
item_541,,,,,,,action_words,opslotdoen/toedoen/dichtdoen/vastdoen/vastmaken,to lock/close/fix,lock/close/fix,,,542,
item_542,item_303,,,,,,action_words,openen/opendoen/openmaken,to open,open (verb),,,543,
item_543,,,item_93,,,,action_words,passen,to try on (clothes,try on,,,544,
item_544,,,,,,,action_words,praten,to talk,talk,,,545,
item_545,,,,,,,action_words,proeven,to taste,taste (verb),,,546,
item_546,,,,,,,action_words,puzzelen,to puzzle,puzzle (verb),,,547,
item_547,item_304,,,,,item_346,action_words,rijden,to ride,ride,,,548,
item_548,,,,,,,action_words,schaatsen/skeelen,to ice skate,ice skate (verb),,,549,
item_549,,,,,,,action_words,scheuren,to tear up,tear up,,,550,
item_550,,,item_94,,,,action_words,schilderen/verven,to paint,paint (verb),,,551,
item_551,item_305,,,,,,action_words,schoppen/stampen,to kick ,kick (verb),,,552,
item_552,item_306,,,,,item_384,action_words,schrijven,to write,write,,,553,
item_553,,,,item_96,,,action_words,schudden,to shake,shake (verb),,,554,
item_554,item_307,,,,,item_364,action_words,slaan,to hit,hit,,,555,
item_555,item_308,item_74,,,,item_383,action_words,slapen,to sleep,sleep,,,556,
item_556,item_309,,,item_97,,,action_words,spatten/pletsen/spetteren,to splash,splash (verb),,,557,
item_557,item_310,,,,,item_356,action_words,spelen,to play,play,,,558,
item_558,item_311,item_75,,,,item_357,action_words,springen,to jump,jump,,,559,
item_559,,,,item_98,,item_340,action_words,staan,to stand,stand,,,560,
item_560,,,,,,item_335,action_words,stoppen,to stop,stop,,,561,
item_561,,,,,,,action_words,strijken,to iron,iron (verb),,,562,
item_562,,,,,,,action_words,tekenen/kleuren,to draw/colour in,draw,,,563,
item_563,item_312,,,,,,action_words,tonen/wijzen/latenzien,to show/point to,show (verb),,,564,
item_564,item_313,,,item_99,,item_362,action_words,trekken,to draw/drag,,to pull,pull,565,
item_565,item_314,,,,,item_377,action_words,vallen,to fall,fall,,,566,
item_566,,,,item_100,,,action_words,vangen,to catch,catch,,,567,
item_567,,,,,item_26,,action_words,vastmaken,to fix,fix,,,568,
item_568,item_315,,,,,item_336,action_words,vegen,to sweep,sweep,,,569,
item_569,,,item_95,,,,action_words,verstoppen,to hide,hide,,,570,
item_570,,,,,,,action_words,vinden,to find,find,,,571,
item_571,,,,,,item_355,action_words,wachten,to wait,wait,,,572,
item_572,,,,item_101,,,action_words,wakkerworden/opstaan,to wake up/get up,wake up,,,573,
item_573,item_316,,,,,item_365,action_words,wandelen,to walk,walk,,,574,
item_574,item_317,,,,,item_351,action_words,wassen,to wash,wash,,,575,
item_575,,,,item_102,,,action_words,weggooien,to throw away,throw away,,,576,
item_576,item_318,,,,,,action_words,wenen/huilen,to cry,cry (verb),,,577,
item_577,,,,,,,action_words,wensen/willen,to wish/want,want,,,578,
item_578,,,,,,,action_words,werken,to work,work (verb),,,579,
item_579,item_319,,,,,item_374,action_words,zeggen,to say,say,,,580,
item_580,,,,,,item_376,action_words,zetten,to put,put,,,581,
item_581,item_320,,,,,item_358,action_words,zien,to see,see,,,582,
item_582,item_321,item_76,,item_103,,item_352,action_words,zingen,to sing,sing,,,583,
item_583,,,item_96,,,item_344,action_words,zitten,to sit,sit,,,584,
item_584,,,item_97,,,,action_words,zwaaien/wuiven,to wave,wave (verb),,,585,
item_585,item_322,,,,,item_348,action_words,zwemmen,to swim,swim,,,586,
item_586,,,,,,,time_words,dadelijk/seffens,immediately,immediately,,,587,
item_587,item_323,,,,,item_497,time_words,dag,day,day,,,588,
item_588,,,,,item_27,item_393,time_words,gisteren,yesterday,yesterday,,,589,
item_589,item_324,,item_98,,,,time_words,later/straks,later/soon,soon,,,590,
item_590,,,,,,item_389,time_words,morgen,tomorrow,tomorrow,,,591,
item_591,,,,,,,time_words,na/achter,after/behind,after,,,592,
item_592,,,,,,,time_words,nacht/vannacht,night/tonight,night/tonight,,,593,
item_593,item_325,,,,,item_395,time_words,nu,now,now,,,594,
item_594,,,,,,,time_words,tijd,time,time,,,595,
item_595,,,,,,,time_words,totmorgen(tijd),see you tomorrow!,see you tomorrow,,,596,
item_596,,,,,,,time_words,totstraks,see you later,see you later,,,597,
item_597,,,,,,item_392,time_words,vanavond,this evening,this evening,,,598,
item_598,,,,,item_28,item_397,time_words,vandaag,today,today,,,599,
item_599,,,item_99,,,,time_words,voor(tijd),before ,before,,,600,
item_600,item_326,item_77,,,,item_459,pronouns,dat,that,that,,,601,
item_601,item_327,,,,item_29,item_453,pronouns,deze,this,this,,,602,
item_602,,,,,,item_448,pronouns,die,that,that,,,603,
item_603,,,,,,item_457,pronouns,dit,this,this,,,604,
item_604,,,,,,,pronouns,haar(vnw),her,her (accusative),,,605,
item_605,,,,,,item_458,pronouns,hem,him,him,,,606,
item_606,,,,,,,pronouns,hen,them,them,,,607,
item_607,item_328,,,,,,pronouns,het(vnw),it,it,,,608,
item_608,,,,,,,pronouns,hethare/haar,her,her (possessive),,,609,
item_609,,,,,,,pronouns,hetzijne/zijn,his,his,,,610,
item_610,,,,,,,pronouns,hij,he,he,,,611,
item_611,,,,,item_30,,pronouns,hun,them,them,,,612,
item_612,item_329,,item_100,,,item_445,pronouns,ik,I,i,,,613,
item_613,,,,,item_31,,pronouns,jezelf,yourself,yourself,,,614,
item_614,item_330,,,,,item_446,pronouns,jij,you,you,,,615,
item_615,item_331,,,,,,pronouns,jouw(e)/vanjou/dejou(we),your,your,,,616,
item_616,,,,,,,pronouns,mezelf,myself,myself,,,617,
item_617,item_332,,,,,item_455,pronouns,mij,me,me,,,618,
item_618,item_333,,,,,,pronouns,mijn(e)/vanmij,my,my,,,619,
item_619,,,,,,,pronouns,ons,our,our,,,620,
item_620,item_334,,,,,item_450,pronouns,wij,we,we,,,621,
item_621,,,,,,,pronouns,zij(meervoud),they,they,,,622,
item_622,,,,,,,pronouns,zij(meisje),she,she,,,623,
item_623,item_335,,,,,item_462,question_words,hoe,how,how,,,624,
item_624,item_336,item_78,,,,item_460,question_words,waar,where,where (question),,,625,
item_625,,,,,item_32,,question_words,waarom,why,why,,,626,
item_626,,,,,,,question_words,wanneer,when,when,,when (question),627,
item_627,item_337,item_79,item_101,,,item_461,question_words,wat,what,what,,,628,
item_628,,,,,,item_463,question_words,welke,which,which (question),,,629,
item_629,item_338,item_80,,,,item_464,question_words,wie,who,who,,,630,
item_630,item_339,,item_102,,,item_483,locations,aan,to,to,at,at,631,
item_631,item_340,,,,,item_465,locations,achter,behind,behind,,,632,
item_632,item_341,,,,,item_477,locations,af,off,off,from,from,633,
item_633,item_342,,item_103,,,item_479,locations,beneden,beneath,under,downstairs,downstairs,634,
item_634,,,,item_104,,,locations,bij(vz),by,by,,,635,
item_635,item_343,,,,,,locations,boven(op),above/on,above,,,636,
item_636,item_344,item_81,,item_105,,item_471,locations,daar,there,there,,,637,
item_637,,,,,,,locations,gedaan/over/af,over,over,,,638,
item_638,,,,,,,locations,hier,here,here,,,639,
item_639,,,item_104,,,,locations,in/binnen(in),in(side),in,,,640,
item_640,,,,,,,locations,in/naar,in(to),in,,,641,
item_641,,,,,,,locations,kortbij/dichtbij,near,near,,,642,
item_642,,,,,,item_469,locations,met,with,with,,,643,
item_643,,,,,,item_468,locations,naar,to,to,,,644,
item_644,,,,,,item_476,locations,naast,next to,next to,,,645,
item_645,,,,,,,locations,om,around,around,,,646,
item_646,item_345,,,,,item_478,locations,onder,under,under,,,647,
item_647,,,,,,,locations,op,on,on,,,648,
item_648,,,,,item_33,,locations,over,over,over,,,649,
item_649,,,,,,,locations,rond,round,round,,,650,
item_650,item_346,,,,,item_470,locations,terug,back,back,,,651,
item_651,item_347,item_82,item_105,,,item_480,locations,uit,out,out,,,652,
item_652,,,,item_106,,,locations,van,from,from,,,653,
item_653,item_348,,,,,,locations,voor(vz),in front of,in front of,,,654,
item_654,,,,,,,locations,wegvan,away from,away,,,655,
item_655,item_349,,,,,,quantifiers,alles/allemaal,everything/all of it,all,,,656,
item_656,item_350,,item_106,,,,quantifiers,ander(e),other,other,,,657,
item_657,,,,,,,quantifiers,anders,different,different,,,658,
item_658,,,,,,,quantifiers,de,the,the,,,659,
item_659,,,item_107,,,,quantifiers,een,a/an,a,,,660,
item_660,item_351,,,,,,quantifiers,eenbeetje,a little bit,a bit,,,661,
item_661,,,,,,,quantifiers,ééntweedrie,one two three,one two three,,,662,
item_662,,,,,,,quantifiers,elk(e)/ieder,each/every,all,,,663,
item_663,,,,,,,quantifiers,enkele/sommige,some/several,some,,,664,
item_664,,,,,item_34,,quantifiers,geenenkele,not any,not any,,,665,
item_665,,,,,,,quantifiers,het(lw),the,the,,,666,
item_666,item_352,item_83,,item_107,,,quantifiers,meer/nog,more/still,more,,,667,
item_667,item_353,,,,,item_492,quantifiers,niet,not,not,,,668,
item_668,,,item_108,,,item_495,quantifiers,ook,too,too,,,669,
item_669,,,,,,item_496,quantifiers,veel,a lot,a lot,,,670,
item_670,,,,,,,quantifiers,zelfde,same,same,,,671,
item_671,,,,,,,helping_verbs,ben(bvbikben),am,be (verb),,,672,
item_672,,,,,,,helping_verbs,bent(bvbjijbent),(you) are,be (verb),,,673,
item_673,,,,,,,helping_verbs,deed/deedje,did,do (verb),,,674,
item_674,,,,,,item_366,helping_verbs,doen,to do,do,,,675,
item_675,,,,,,,helping_verbs,ga+ww(bvbikgaspelen),to go,go,,,676,
item_676,,,,,,,helping_verbs,hijdoet,he does,do,,,677,
item_677,,,,,,,helping_verbs,is,is,be,,,678,
item_678,,,,item_108,,,helping_verbs,kunnen,can/be able to,be able to,,,679,
item_679,,,,,,,helping_verbs,laatme,let me,let,,,680,
item_680,,,item_109,,,,helping_verbs,moet(bvbikmoet),have to/must,have to,,,681,
item_681,item_354,,item_110,,,,helping_verbs,nietdoen,don't do,not do,,,682,
item_682,,,,,,,helping_verbs,proberen,to try,try,,,683,
item_683,,,,,,,helping_verbs,waren(bvbwijwaren),were,be,,,684,
item_684,,,,,,,helping_verbs,was(bvbhijwas),was,be,,,685,
item_685,,,,,,,helping_verbs,zijn(bvbwijzijn),are,be,,,686,
item_686,,,,,,,helping_verbs,zoujekunnen,would you be able to,,,,687,
item_687,,,,,,,helping_verbs,zou/zouden,would,would,,,688,
item_688,,,,,,,helping_verbs,zullen,will,will (verb),,,689,
item_689,,,,,,,connecting_words,als,if/when,if/when,,,690,
item_690,,,,,,,connecting_words,daarom,therefore,therefore,,,691,
item_691,,,,,item_35,,connecting_words,dan,then,then,,,692,
item_692,,,,,,,connecting_words,en,and,and,,,693,
item_693,,,,,,,connecting_words,maar,but,but,,,694,
item_694,,,,,item_36,,connecting_words,omdat,because,because,,,695,
,item_355,item_84,,,,,sounds,bah(vies/vuil),yuk,yuk,,,696,
,item_356,item_85,,,,,sounds,boem(ietsdatvaltofbotst),boom,boom,,,697,
,item_357,item_86,,,,,sounds,toktok(kip),cluck-cluck,cluck,,,698,
item_695,item_358,,,,,item_37,animals,eekhoorn,squirrel,squirrel,,,699,
,item_359,,,,,,animals,kuiken,chick,chick,,,700,
,item_360,,,,,,animals,mug,mosquito,mosquito,,,701,
,item_361,,,,,item_35,animals,pinguin,pinguin,,penguin,penguin,702,
,item_362,,,,,item_64,animals,vlieg,fly,fly (animal),,,703,
,item_363,item_87,,,,item_73,vehicles,buggy,buggy,,pram/stroller,pram,704,
,item_364,item_88,,,,,vehicles,kinderwagen/koets,pram/stroller,pram,,,705,
,item_365,,,,,,toys,bubbels/zeepbellen/bellen/bellenblaas,foam/bubbles,,,,706,
,item_366,item_89,,,,,toys,naamvanknuffel/doekje/lappenpopvanhetkind,,,,,707,
,item_367,,,,,,toys,schommelpaard/hobbelpaard,rocking horse,rocking horse,,,708,
,item_368,,,,,item_131,food_drink,beschuit,Dutch rusk/biscuit rusk,,,,709,
,item_369,,,,,item_96,food_drink,cola,coke,soda,,,710,
,item_370,,,,,,food_drink,fruitpap/fruithapje,fruit puree,fruit puree,,,711,
,item_371,,,,,item_117,food_drink,limonade,lemonade,lemonade,,,712,
,item_372,,,,,item_114,food_drink,yoghurt,yoghurt,yogurt,,,713,
item_696,item_373,,,,,,games_routines,a.u.b./alsjeblieft,please,please,,,714,
,item_374,item_90,,,,item_512,games_routines,bravo!,bravo!/well done,well done,,bravo,715,
,item_375,item_91,,,,,games_routines,eenbadnemen,to take a bath,take a bath,,,716,
,item_376,item_92,,,,,games_routines,eendutje/tukjedoen,to take a nap ,take a nap,,,717,
,item_377,,,,,,games_routines,eten(routine),to eat,eat,,,718,
,item_378,item_93,,,,,games_routines,handjesdraaien,to turn hands,turn hands,,,719,
,item_379,item_94,,,,,games_routines,hebben/willen,have/want,have/want,,,720,
,item_380,,,,,,games_routines,hokuspokus'(ofanderegoocheltermen),hocus pocus,,,,721,
,item_381,item_95,,,,item_511,games_routines,kiekeboe,peekaboo!,,,,722,
,item_382,item_96,,,,,games_routines,sst,shush,,,,723,
,item_383,,,,,item_503,games_routines,wacht!,wait!,wait,,,724,
,item_384,item_97,,,,,clothing,jas(je)/mantel,jacket/coat,jacket,,,725,
,item_385,,,,,item_169,body_parts,tand,tooth,tooth,,,726,
,item_386,,,,,item_171,body_parts,voet,foot,foot,,,727,
,item_387,,,,,,household,aquarium/visbak/vissenkom,fish tank,fish tank,,,728,
,item_388,,,,,item_216,furniture_rooms,bureau,desk,table,,,729,
,item_389,,,,,,household,fornuis/vuur/kookplaat,stove,stove,,,730,
item_697,item_390,,,item_109,,,household,video(recorder),video recorder,video recorder,,,731,
,item_391,,,,,item_211,furniture_rooms,zolder,attic,attic,,,732,
,item_392,,,,,,furniture_rooms,afval/rommel,trash,trash,,,733,
item_698,item_393,,,,,item_228,furniture_rooms,bezem,broom,broom,,,734,
,item_394,,,,,,furniture_rooms,borstel/veger,brush/broom,brush/broom,,,735,
,item_395,,,,,,furniture_rooms,handtas/tas,handbag,handbag,,,736,
,item_396,,,,,item_260,household,kam,comb,comb,,,737,
,item_397,,,,,item_234,furniture_rooms,klok,clock,clock,,,738,
,item_398,,,,,item_231,furniture_rooms,portemonnee,wallet,wallet,,,739,
,item_399,,,,,item_271,outside,glijbaan,"slide, shute",slide (object),,,740,
,item_400,,,,,item_299,places,kermis,"fair, fancy fair",fair,,,741,
item_699,item_401,,,item_110,,item_265,outside,maan,moon,moon,,,742,
,item_402,,,,,item_269,outside,steen,stone,stone,,,743,
item_700,item_403,,,,,,outside,ster(ren),star(s),star,,,744,
,item_404,,,,,item_289,places,strand,beach,beach,,,745,
,item_405,,,,,item_295,places,vijver,pond,pond,,,746,
,item_406,,,,,item_277,outside,zee,sea,sea,,,747,
,item_407,item_98,,,,,people,naamvanzusjeofbroertje,name of brother or sister,,,,748,
,item_408,,,,,,action_words,dichtdoen/dichtmaken,to close,close,,,749,
,item_409,,,,,item_321,action_words,draaien,to turn,turn,,,750,
,item_410,item_99,,,,,action_words,etengeven,to feed,feed,,,751,
,item_411,,,,,item_381,action_words,fietsen,"to cycle, bike",cycle (verb),,,752,
,item_412,item_100,,,,,action_words,gaan/weggaan,to go (away)/leave,go ,,,753,
,item_413,,,,,,action_words,leggen/zetten/neerzetten,to put down,put down,,,754,
,item_414,,,,,item_343,action_words,nemen,to take,take,,,755,
,item_415,,,,,item_380,action_words,oppassen,to take care of/nurse,look after,to look after,,756,
,item_416,,,,,,action_words,roepen/schreeuwen,to scream,scream,,,757,
,item_417,,,,,item_338,action_words,schommelen,to swing,swing (action),,,758,
,item_418,,,,,,action_words,stoppen/ophouden,to stop,stop,,,759,
,item_419,,,,,item_328,action_words,tekenen,to draw,draw,,,760,
,item_420,,,,,item_325,action_words,trommelen,to drum,drum (verb),,,761,
,item_421,,,,,item_350,action_words,vliegen,to fly,fly (action),,,762,
,item_422,,,,,,action_words,zichhaasten/zichspoeden/opschieten,to hurry up,hurry up,,,763,
,item_423,,,,,,time_words,savonds,in the evenings,in the evenings,,,764,
,item_424,,,,,,time_words,smiddags,in the afternoons,in the afternoons ,,,765,
item_701,item_425,,,,,,time_words,smorgens/sochtends,in the mornings,in the mornings,,,766,
,item_426,,,,,,time_words,nacht,night,night,,,767,
,item_427,,,,,item_434,descriptive_words,bang,afraid,afraid,,,768,
,item_428,,,,,item_443,descriptive_words,braaf,decent,well behaved,well behaved,,769,
,item_429,,,,,item_405,descriptive_words,hard,hard,hard,,,770,
,item_430,,,,,,descriptive_words,kapot/stuk,broken,broken,,,771,
,item_431,item_101,,,,item_441,descriptive_words,lekker,nice/tasty,delicious,delicious,,772,
,item_432,,,,,,descriptive_words,leuk/fijn,nice,nice,,,773,
,item_433,,,,,,descriptive_words,schoon/proper,clean,clean,,,774,
,item_434,,,,,,pronouns,dit/deze/dees,this,this,,,775,
,item_435,,,,,,pronouns,zijn/haar,his/her,his/her,,,776,
,item_436,,,,,,locations,binnen(in),in(side),inside,,,777,
,item_437,,,,,item_467,locations,erop,on it (on them),on it,,,778,
,item_438,,,,,item_474,locations,in,in/into,in,,,779,
,item_439,item_102,,,item_37,item_472,locations,weg,away,away,,,780,
,item_440,,,,,,quantifiers,geen/niemand/niets,no/nobody/nothing,no,,,781,
,item_441,,,,,item_493,quantifiers,hetzelfde,the same,same,,,782,
,,item_103,,,,,action_words,drankje/drinken,drink/to drink,drink (verb+noun),,,783,
,,item_104,,,,,action_words,eendutjedoen/tukjedoen,take a nap,take a nap,,,784,
,,,item_111,,,item_373,action_words,knuffelen,to hug,hug,,,785,
item_702,,,item_112,,,,helping_verbs,ikwil,I want,want,,,786,
,,,,item_111,,item_81,toys,pen,pen,pen,,,787,
item_703,,,,item_112,,,games_routines,kgajepakken,I'm gonna get you,,,,788,
,,,,,item_38,,animals,dino(saurus),dinosaur,dinosaur,,,789,
,,,,,item_39,item_30,animals,hert,deer,deer,,,790,
,,,,,item_40,,places,kasteel,castle,castle,,,791,
,,,,,item_41,,toys,trom(mel),drum,drum (noun),,,792,
,,,,,item_42,,toys,voetbal,football,football,,,793,
,,,,,item_43,,toys,microscoop,microscope,microscope,,,794,
,,,,,item_44,,toys,driewieler,tricycle,bicycle,,,795,
,,,,,item_45,,toys,(wind)vlieger,kite,kite,,,796,
,,,,,item_46,,toys,wagon,wagon,wagon,,,797,
,,,,,item_47,,food_drink,citroen,lemon,lemon,,,798,
,,,,,item_48,,food_drink,pindanoot,peanut,peanut,,,799,
,,,,,item_49,,food_drink,groente,vegetable,vegetable,,,800,
,,,,,item_50,,clothing,jeans(broek),jeans,jeans,,,801,
,,,,,item_51,,body_parts,elleboog,elbow,elbow,,,802,
,,,,,item_52,,body_parts,(vinger)nagel,nail,nail (finger),,,803,
,,,,,item_53,,household,blinddoek,blindfold,blindfold,,,804,not household item but game related
,,,,,item_54,,household,beker/tas,cup/bag,cup/bag,,,805,
,,,,,item_55,,household,materiaal,material,material,,,806,
,,,,,item_56,,household,postzegel,stamp,postage stamp,,,807,
,,,,,item_57,,furniture_rooms,band(vanwiel),tire,tire,,,808,
,,,,,item_58,,furniture_rooms,meubels,furniture,furniture,,,809,
,,,,,item_59,,furniture_rooms,zetel/sofa,sofa,sofa,,,810,
,,,,,item_60,,furniture_rooms,hek/omheining,fence,fence,,,811,
,,,,,item_61,,furniture_rooms,tuinslang,garden hose,garden hose,,,812,
,,,,,item_62,,outside,trottoir/stoep/voetpad,sidewalk,sidewalk,,,813,
,,,,,item_63,,people,familie,family,family,,,814,
,,,,,item_64,,people,boer,farmer,farmer,,,815,
,,,,,item_65,item_489,quantifiers,niemand,no-one,nobody,,,816,
,,,,,item_66,,people,verpleegster,nurse,nurse,,,817,
,,,,,item_67,,other,ongeval,accident,accident,,,818,
,,,,,item_68,,other,cirkel,circle,circle,,,819,
,,,,,item_69,,other,idee,idea,idea,,,820,
,,,,,item_70,,action_words,(op)vangen,to catch,catch (verb),,,821,
,,,,,item_71,,action_words,vergeten,to forget,forger,,,822,
,,,,,item_72,,action_words,haasten,to hurry up,hurry up,,,823,
,,,,,item_73,,action_words,verlaten,to leave (behind),leave (behind),,,824,
,,,,,item_74,,action_words,meten,to measure,measure (verb),,,825,
,,,,,item_75,,action_words,schillen,to peel,peel,,,826,
,,,,,item_76,,action_words,beloven,to promise,promise (verb),,,827,
,,,,,item_77,,action_words,rolschaatsen,to ice skate,ice skate,,,828,
,,,,,item_78,,action_words,niezen,to sneeze,sneeze,,,829,
,,,,,item_79,,action_words,tuimelen/koprollen,to tumble,"tu,ble",,,830,
,,,,,item_80,,action_words,poetsen/kuisen,to polish,polish,,,831,
,,,,,item_81,,action_words,vervelen,to get/be bored,be bored,,,832,
,,,,,item_82,,descriptive_words,diep,deep,deep,,,833,
,,,,,item_83,,descriptive_words,verschillend,different/differing,different,,,834,
,,,,,item_84,,descriptive_words,duur,expensive,expensive,,,835,
,,,,,item_85,item_417,descriptive_words,fijn,nice,nice,,,836,
,,,,,item_86,,descriptive_words,half,half,half,,,837,
item_704,,,,,item_87,,descriptive_words,verloren,lost,lost,,,838,
,,,,,item_88,,descriptive_words,bijzonder,special,special,,,839,
,,,,,item_89,,locations,ervoor(plaats),in front of,in front of,,,840,
,,,,,item_90,,time_words,week,week,weel,,,841,
,,,,,item_91,,pronouns,zij/ze,she,she,,,842,
,,,,,item_92,,locations,erboven,above,above,,,843,
,,,,,item_93,,locations,tussen,between ,between,,,844,
,,,,,item_94,,locations,bovenin,above,above,,,845,
,,,,,item_95,,quantifiers,elk,each,each,,,846,
,,,,,item_96,,helping_verbs,mogen,may/can,may,,,847,
,,,,,item_97,,helping_verbs,nodigzijn,to be needed/necessary,to be needed,,,848,
,,,,,item_98,,other,waren,were,be,,,849,
,,,,,item_99,,connecting_words,hoewel,although,although,,,850,
,,,,,item_100,,connecting_words,eigenlijk,actually,actually,,,851,
,,,,,,item_1,sounds,broem,vroom?,vroom,,,852,
,,,,,,item_2,sounds,vroem,vroom?,vroom,,,853,
,,,,,,item_3,sounds,bah,poo,,yuk,,854,
,,,,,,item_4,sounds,grr,grr,grrr,,,855,
,,,,,,item_5,sounds,au,ouch,ouch,,,856,
,,,,,,item_6,sounds,knor,grunt,,,,857,
,,,,,,item_7,sounds,tok,cluck,cluck,,,858,
,,,,,,item_8,sounds,beh,(sheep),baa baa,,,859,
,,,,,,item_9,sounds,boe,moo,moo,,,860,
,,,,,,item_10,sounds,ai,ouch,ouch,,,861,
,,,,,,item_11,sounds,kukelekuu,cock-a-doodle-doo,cockadoodledoo,,,862,
,,,,,,item_12,sounds,tjoek,choo-choo,choo choo,,,863,
,,,,,,item_13,sounds,waf,bark,,woof,,864,
,,,,,,item_14,sounds,woef,woof,woof woof,,,865,
,,,,,,item_15,sounds,tik,tik,,tick,,866,
,,,,,,item_16,sounds,sssss,sssss,,shhhh,shush,867,
,,,,,,item_17,sounds,tak,tac,,tack,,868,
,,,,,,item_18,sounds,boem,boom,boom,,,869,
,,,,,,item_19,sounds,kwak,quack,quack quack,,,870,
,,,,,,item_20,sounds,ooh,oh,oh,,,871,
,,,,,,item_21,sounds,miauw,miaow,meow,meow,,872,
,,,,,,item_22,sounds,blub,,,,,873,
,,,,,,item_23,sounds,mjam,jummy,,yummy,yummy,874,
,,,,,,item_24,animals,poes,puss,,cat,cat,875,
,,,,,,item_25,animals,kat,cat,cat,cat,cat,876,
,,,,,,item_26,animals,dier,animal,animal,,,877,
,,,,,,item_27,animals,beest,beast,beast,,,878,
,,,,,,item_31,animals,vis,fish,fish (animal),,,879,
,,,,,,item_32,animals,hond,dog,dog,,,880,
,,,,,,item_33,animals,Bambi,Bambi,,,,881,
,,,,,,item_40,animals,bij,bee,bee,,,882,
,,,,,,item_43,animals,cavia,guinea pig/cavia,,,,883,
,,,,,,item_54,animals,kip,chicken,chicken (animal),,,884,
,,,,,,item_57,animals,lam,lamb,lamb,,,885,
,,,,,,item_59,animals,konijn,rabbit,bunny,,rabbit,886,
,,,,,,item_65,vehicles,vrachtwagen,truck,truck,,,887,
,,,,,,item_68,vehicles,brandweerwagen,firetruck,firetruck,,,888,
,,,,,,item_71,vehicles,ziekenwagen,ambulance,ambulance,,,889,
,,,,,,item_72,vehicles,ambulance,ambulance,ambulance,,,890,
,,,,,,item_76,vehicles,kinderwagen,buggy,,pram/stroller,stroller,891,
,,,,,,item_77,vehicles,brommer,moped,,,,892,
,,,,,,item_79,toys,kralen,beads,beads,,,893,
,,,,,,item_80,toys,hobbelpaard,rocking horse,rocking horse,,,894,
,,,,,,item_83,toys,bubbels,bubbles,bubbles,,,895,
,,,,,,item_84,toys,zeepbellen,soapbubbles,bubbles,,,896,
,,,,,,item_87,toys,speelgoed,toys,toy,,,897,
,,,,,,item_90,food_drink,wortel,carrot,carrots,,,898,
,,,,,,item_95,food_drink,thee,tea,tea,,,899,
,,,,,,item_99,food_drink,toast,toast,toast,,,900,
,,,,,,item_103,food_drink,snoepje,candy (piece of --),candy,,,901,
,,,,,,item_104,food_drink,fruit,fruit,fruit,,,902,
,,,,,,item_107,food_drink,sap,juice,juice,,,903,
,,,,,,item_109,food_drink,aardappelen,potatoes,potato,,,904,
,,,,,,item_111,food_drink,ijsje,icecream,ice cream,,,905,
,,,,,,item_112,food_drink,eten,,food,,,906,
,,,,,,item_118,food_drink,koffie,coffee,coffee,,,907,
,,,,,,item_120,food_drink,appelsien,applejuice,juice,,,908,
,,,,,,item_121,food_drink,rozijn,raisin,raisin,,,909,
,,,,,,item_123,food_drink,cornflakes,cornflakes,cereal,,,910,
,,,,,,item_124,food_drink,drankje,drink,drink (beverage),,,911,
,,,,,,item_126,food_drink,fruitpap,fruitporrage?,,fruit puree,,912,
,,,,,,item_128,food_drink,sinaasappel,orange,orange (food),,,913,
,,,,,,item_129,food_drink,krenten,currants,,,,914,
,,,,,,item_130,food_drink,drinken,drink (beverage),drink (beverage),,,,
,,,,,,item_132,food_drink,muesli,muesli,,granola,granola,915,
,,,,,,item_133,food_drink,water,water,water,,,916,
,,,,,,item_134,food_drink,macaroni,macaroni,pasta,,,917,
,,,,,,item_135,clothing,laarsjes,boots (small --),boots,,,918,
,,,,,,item_136,clothing,bloes,blouse,shirt,,,919,
,,,,,,item_137,clothing,jasje,coat,coat,,,920,
,,,,,,item_139,clothing,slabbetje,napkin (for children),napkin,,,921,
,,,,,,item_140,clothing,sok,sock,sock,,,922,
,,,,,,item_141,clothing,kous,stocking,stocking,,,923,
,,,,,,item_143,clothing,luier,diaper,diaper,,,924,
,,,,,,item_144,clothing,Pamper,Pamper,diaper,,,925,
,,,,,,item_146,clothing,ketting,chain,chain (jewellery),,,926,
,,,,,,item_147,clothing,speen,pacifier,pacifier,,,927,
,,,,,,item_148,clothing,broek,pants,pants,,,928,
,,,,,,item_149,clothing,korte-broek,short --,shorts,,,929,
,,,,,,item_150,clothing,lange-broek,long --,pants,pants,,930,
,,,,,,item_151,clothing,onderbroek,underpants,underpants,,,931,
,,,,,,item_152,clothing,sjaal,scarf,scarf,,,932,
,,,,,,item_154,clothing,hemd,undershirt,undershirt,,,933,
,,,,,,item_156,clothing,pyjama,pyjamas,pyjamas,,,934,
,,,,,,item_158,clothing,trui,sweater,sweater,,,935,
,,,,,,item_162,body_parts,billen,buttocks,buttocks,,,936,
,,,,,,item_163,body_parts,poep,poop,poop,,,937,
,,,,,,item_164,body_parts,haar,hair,hair,,,938,
,,,,,,item_172,body_parts,wang,cheek,cheek,,,939,
,,,,,,item_181,furniture_rooms,woonkamer,livingroom,living room,living room,,940,
,,,,,,item_182,furniture_rooms,lade,drawer,drawer,,,941,
,,,,,,item_183,furniture_rooms,la,drawer,drawer,,,942,
,,,,,,item_185,furniture_rooms,box,(play)pen,playpen,playpen,,943,
,,,,,,item_187,furniture_rooms,koelkast,fridge,fridge,,,944,
,,,,,,item_190,furniture_rooms,vissenkom,fishbowl,fishtank,,,945,
,,,,,,item_191,furniture_rooms,bank,couch/davenport,sofa,,,946,
,,,,,,item_197,furniture_rooms,fornuis,cooker/stove/range/furnace,stove,,,947,
,,,,,,item_198,furniture_rooms,kookplaat,cooking ring,,hot plate,stove,948,
,,,,,,item_199,furniture_rooms,video,video,video,,,949,
,,,,,,item_201,furniture_rooms,gootsteen,sink,sink,,,950,
,,,,,,item_202,furniture_rooms,raam,window,window,,,951,
,,,,,,item_203,furniture_rooms,trap,stairs,stairs,,,952,
,,,,,,item_206,furniture_rooms,T.V.,T.V.,tv,,,953,
,,,,,,item_207,furniture_rooms,televisie,television,tv,,,954,
,,,,,,item_212,furniture_rooms,W.C.,toilet,toilet,,,955,
,,,,,,item_213,furniture_rooms,toilet,toilet,toilet,,,956,
,,,,,,item_221,furniture_rooms,kachel,stove,stove,,,957,
,,,,,,item_222,furniture_rooms,licht,licht,light,light,,958,
,,,,,,item_223,household,tas,bag,bag,,,959,
,,,,,,item_225,household,geld,money,money,,,960,
,,,,,,item_229,household,afval,garbage,trash,,,961,
,,,,,,item_232,household,kopje,cup,cup,,,962,
,,,,,,item_233,household,sleutel,key,key,,,963,
,,,,,,item_235,household,deken,blanket,blanket,,,964,
,,,,,,item_237,household,tekening,drawing,drawing,,,965,
,,,,,,item_241,household,pil,pill,pill,,,966,
,,,,,,item_243,household,siroop,sirup,,concentrated fruit syrup,,967,
,,,,,,item_246,household,schaal,dish,dish,,,968,
,,,,,,item_247,household,medicijn,medicine,medicine,,,969,
,,,,,,item_252,household,horloge,watch,watch,,,970,
,,,,,,item_253,household,lamp,lamp,lamp,,,971,
,,,,,,item_258,household,beker,cup,cup,,,972,
,,,,,,item_259,household,borstel,brush,brush,,,973,
,,,,,,item_264,outside,lucht,air,air,,,974,
,,,,,,item_270,outside,hemel,sky,sky,,,975,
,,,,,,item_272,outside,ster,star,star,,,976,
,,,,,,item_283,places,crèche,day nursery,daycare,,,977,
,,,,,,item_284,places,kinderdagverblijf,day-care (centre),daycare,,,978,
,,,,,,item_286,places,dierentuin,zoo,zoo,,,979,
,,,,,,item_300,places,feest,party,party,,,980,
,,,,,,item_301,places,stoep,pavement,,sidewalk,sidewalk,981,
,,,,,,item_302,places,balkon,balkony,,,balcony,982,
,,,,,,item_303,people,broer,brother,brother,,,983,
,,,,,,item_306,people,oom,uncle,uncle,,,984,
,,,,,,item_312,people,oppas,baby-sitter,nanny,,,985,
,,,,,,item_314,people,kind,child,child,,,986,
,,,,,,item_318,people,zus,sister,sister,,,987,
,,,,,,item_322,action_words,pletsen,[to splash in the water?],splash,,,988,
,,,,,,item_323,action_words,zoenen,to kiss,kiss,,,989,
,,,,,,item_327,action_words,roepen,to shout,shout,,,991,
,,,,,,item_329,action_words,aankomen,to arrive,arrive,,,992,
,,,,,,item_330,action_words,gaan,to go,go,,,993,
,,,,,,item_331,action_words,opschieten,to hurry,hurry,,,994,
,,,,,,item_332,action_words,stampen,to stamp,stamp,,,995,
,,,,,,item_337,action_words,eten geven,to feed,feed,,,996,
,,,,,,item_341,action_words,aanraken,to touch,touch,,,997,
,,,,,,item_345,action_words,eten,to eat,eat,,,998,
,,,,,,item_347,action_words,ophouden,to stop,stop,,,999,
,,,,,,item_349,action_words,huilen,to cry,cry,,,1000,
,,,,,,item_353,action_words,pakken,to grab,grab,,,1001,
,,,,,,item_354,action_words,schreeuwen,to shout,shout,,,1002,
,,,,,,item_359,action_words,wijzen,to point,point to (verb),to point to,,1003,
,,,,,,item_360,action_words,breken,to break,break,,,1004,
,,,,,,item_363,action_words,leggen,to lay,lay,,,1005,
,,,,,,item_368,action_words,weggaan,to leave,leave,,,1006,
,,,,,,item_369,action_words,gooien,to throw,throw,,,1007,
,,,,,,item_371,action_words,schoppen,to kick,kick,,,1008,
,,,,,,item_372,action_words,vastpakken,to grip,,to grasp,grasp,1009,
,,,,,,item_375,action_words,lopen,to walk,walk,,,1010,
,,,,,,item_378,action_words,rennen,to run,run,,,1011,
,,,,,,item_382,action_words,poetsen,to clean/brush (teeth),clean,,,1012,
,,,,,,item_387,action_words,spatten,to splash,splash,,,1013,
,,,,,,item_388,time_words,vanmiddag,this afternoon,afternoon,,,1014,
,,,,,,item_390,time_words,vannacht,last/this night,tonight,tonight,,1015,
,,,,,,item_391,time_words,vanmorgen,this mornong,,this morning,morning,1016,
,,,,,,item_394,time_words,straks,later,later,,,1017,
,,,,,,item_396,time_words,later,later,later,,,1018,
,,,,,,item_398,time_words,dadelijk,immediately,immediately,,,1019,
,,,,,,item_399,time_words,vanochtend,this morning,morning,,,1020,
,,,,,,item_401,descriptive_words,klaar,ready,ready,,,1021,
,,,,,,item_406,descriptive_words,vlug,quick,quick,,,1022,
,,,,,,item_407,descriptive_words,beetje,a little,a bit,,,1023,
,,,,,,item_409,descriptive_words,lief,sweet/lovable,,kind,kind,1024,
,,,,,,item_411,descriptive_words,pijn,pain,pain,,,1025,
,,,,,,item_412,descriptive_words,boos,angry,angry,,,1026,
,,,,,,item_413,descriptive_words,snel,quick,quick,,,1027,
,,,,,,item_414,descriptive_words,warm,warm,warm,,,1028,
,,,,,,item_416,descriptive_words,vuil,filthy,dirty,,,1029,
,,,,,,item_418,descriptive_words,goed,good,good,,,1030,
,,,,,,item_421,descriptive_words,vies,dirty,dirty,,,1031,
,,,,,,item_423,descriptive_words,schoon,clean,clean (description),,,1032,
,,,,,,item_425,descriptive_words,leuk,funny,funny,fun,fun,1033,
,,,,,,item_426,descriptive_words,schattig,sweet/cute,cute,,,1034,
,,,,,,item_427,descriptive_words,open,open,open (description),,,1035,
,,,,,,item_428,descriptive_words,dorst,thirst,thirsty,,,1036,
,,,,,,item_429,descriptive_words,honger,hunger,hungry,,,1037,
,,,,,,item_431,descriptive_words,kapot,broken,broken,,,1038,
,,,,,,item_436,descriptive_words,heet,hot,hot,,,1039,
,,,,,,item_437,descriptive_words,stuk,broken,broken,,,1040,
,,,,,,item_438,descriptive_words,oké,O.K.,ok,,,1041,
,,,,,,item_442,descriptive_words,dicht,shut,close,,closed,1042,
,,,,,,item_444,descriptive_words,op,finished,finished,,,,
,,,,,,item_447,pronouns,je,you,you,,,1043,
,,,,,,item_449,pronouns,het,it,it,,,1044,
,,,,,,item_451,pronouns,zijn,his,his,,,1045,
,,,,,,item_452,pronouns,haar,her,her,,,1046,
,,,,,,item_454,pronouns,jouw,yourself,,your,,1047,
,,,,,,item_456,pronouns,mijn,my,my,,,1048,
,,,,,,item_466,locations,boven,above,above,,,1049,
,,,,,,item_473,locations,voor,in front of,in front,,,1050,
,,,,,,item_475,locations,bij,near,,by,,1051,
,,,,,,item_481,locations,binnenin,inside,inside,,,1052,
,,,,,,item_482,locations,op,on,on,,,1053,
,,,,,,item_484,locations,binnen,inside,inside,,,1054,
,,,,,,item_485,quantifiers,niets,nothing,nothing,,,1055,
,,,,,,item_486,quantifiers,andere,another,another,,,1056,
,,,,,,item_487,quantifiers,allemaal,all,all,,,1057,
,,,,,,item_488,quantifiers,alles,all,all,,,1058,
,,,,,,item_490,quantifiers,geen,no,no,,,1059,
,,,,,,item_491,quantifiers,meer,more,more,,,1060,
,,,,,,item_494,quantifiers,nog,yet,,still/remaining,still,1061,
,,,,,,item_498,games_routines,hallo,hello,hello,,,1062,
,,,,,,item_499,games_routines,hoi,hi,hello,,,1063,
,,,,,,item_501,games_routines,welterusten,good night,good night,,,1064,
,,,,,,item_502,games_routines,kijk uit!,look out,,watch out,watch out,1065,
,,,,,,item_504,games_routines,daag,bye!,bye,,,1066,
,,,,,,item_505,games_routines,slaap lekker,sleep well,,,,1067,
,,,,,,item_506,games_routines,hokus pokus,hocus pocus?,,,,1068,
,,,,,,item_508,games_routines,niet doen,don't do that,,,,1069,
,,,,,,item_509,games_routines,alsjeblieft,here you are,,,,1070,
,,,,,,item_510,games_routines,dank je wel,thanks,thank you,,,1071,
,,,,,,item_513,games_routines,a.u.b.,please,please,,,1072,
,,,,,,item_514,games_routines,goed zo,well done,,,,1073,
,,,,,,item_515,games_routines,laat eens zien,let me see,,,,1074,