id,word,language,form,type,category,lexical_category,lexical_class,uni_lemma,aoa_in_seconds,aoa,lemma,stem_lemma,corrected_pos,on_cdi
0,daddy (child's word),English (American),WG,daddy+n,people,other,other,daddy,29808000,345,daddy,daddy,n,TRUE
1,mommy (child's word),English (American),WG,mommy+n,people,other,other,mommy,30240000,350,mommy,mommy,n,TRUE
2,bye,English (American),WG,bye+other,games_routines,other,other,bye,35164800,407,bye,bye,other,TRUE
3,uh oh,English (American),WG,uh oh+other,sounds,other,other,uh oh,36374400,421,uh oh,uh oh,other,TRUE
4,hi,English (American),WG,hi+other,games_routines,other,other,hi,37238400,431,hi,hi,other,TRUE
5,ball,English (American),WG,ball+n,toys,nouns,nouns,ball,37411200,433,ball,ball,n,TRUE
6,dog,English (American),WG,dog+n,animals,nouns,nouns,dog,38966400,451,dog,dog,n,TRUE
7,no,English (American),WG,no+other,games_routines,other,other,no,39312000,455,no,no,other,TRUE
8,woof woof,English (American),WG,woof woof+other,sounds,other,other,woof woof,39916800,462,woof woof,woof woof,other,TRUE
9,yum yum,English (American),WG,yum yum+other,sounds,other,other,yum yum,41040000,475,yum yum,yum yum,other,TRUE
10,baby,English (American),WG,baby+n,people,other,other,baby,41212800,477,baby,baby,n,TRUE
11,book,English (American),WG,book+n,toys,nouns,nouns,book,41990400,486,book,book,n,TRUE
12,grrr,English (American),WG,grrr+other,sounds,other,other,grrr,42076800,487,grrr,grrr,other,TRUE
13,moo,English (American),WG,moo+other,sounds,other,other,moo,42076800,487,moo,moo,other,TRUE
14,meow,English (American),WG,meow+v,sounds,other,other,meow,42595200,493,meow,meow,v,TRUE
15,banana,English (American),WG,banana+n,food_drink,nouns,nouns,banana,42595200,493,banana,banana,n,TRUE
16,vroom,English (American),WS,vroom+other,sounds,other,other,vroom,42595200,493,vroom,vroom,other,TRUE
17,shoe,English (American),WG,shoe+n,clothing,nouns,nouns,shoe,42940800,497,shoe,shoe,n,TRUE
18,duck,English (American),WS,duck+n,animals,nouns,nouns,duck,43372800,502,duck,duck,n,TRUE
19,bird,English (American),WS,bird+n,animals,nouns,nouns,bird,43545600,504,bird,bird,n,TRUE
20,eye,English (American),WS,eye+n,body_parts,nouns,nouns,eye,43977600,509,eye,eye,n,TRUE
21,nose,English (American),WS,nose+n,body_parts,nouns,nouns,nose,44150400,511,nose,nose,n,TRUE
22,balloon,English (American),WS,balloon+n,toys,nouns,nouns,balloon,44409600,514,balloon,balloon,n,TRUE
23,ouch,English (American),WS,ouch+n,sounds,other,other,ouch,44496000,515,ouch,ouch,n,TRUE
24,quack quack,English (American),WS,quack quack+other,sounds,other,other,quack quack,44582400,516,quack quack,quack quack,other,TRUE
25,car,English (American),WS,car+n,vehicles,nouns,nouns,car,44668800,517,car,car,n,TRUE
26,hot,English (American),WS,hot+a,descriptive_words,predicates,adjectives,hot,45014400,521,hot,hot,a,TRUE
27,kitty,English (American),WS,kitty+n,animals,nouns,nouns,kitty,45100800,522,kitty,kitty,n,TRUE
28,baa baa,English (American),WG,baa baa+other,sounds,other,other,baa baa,45273600,524,baa baa,baa baa,other,TRUE
29,juice,English (American),WS,juice+n,food_drink,nouns,nouns,juice,45273600,524,juice,juice,n,TRUE
30,night night,English (American),WS,good night+other,games_routines,other,other,good night,45273600,524,good night,good night,other,TRUE
31,grandma (child's word),English (American),WS,grandma+n,people,other,other,grandma,45360000,525,grandma,grandma,n,TRUE
32,cat,English (American),WS,cat+n,animals,nouns,nouns,cat,45532800,527,cat,cat,n,TRUE
33,cookie,English (American),WS,cookie+n,food_drink,nouns,nouns,cookie,46396800,537,cookie,cookie,n,TRUE
34,thank you,English (American),WS,thank you+other,games_routines,other,other,thank you,46483200,538,thank you,thank you,other,TRUE
35,cheese,English (American),WS,cheese+n,food_drink,nouns,nouns,cheese,46569600,539,cheese,cheese,n,TRUE
36,milk,English (American),WS,milk+n,food_drink,nouns,nouns,milk,46569600,539,milk,milk,n,TRUE
37,ear,English (American),WS,ear+n,body_parts,nouns,nouns,ear,46569600,539,ear,ear,n,TRUE
38,bath,English (American),WS,bath+n,games_routines,other,other,bath,46569600,539,bath,bath,n,TRUE
39,bubbles,English (American),WS,bubble+n,toys,nouns,nouns,bubbles,46828800,542,bubbles,bubble,n,TRUE
40,apple,English (American),WS,apple+n,food_drink,nouns,nouns,apple,46915200,543,apple,apple,n,TRUE
41,yes,English (American),WS,yes+other,games_routines,other,other,yes,46915200,543,yes,yes,other,TRUE
42,hat,English (American),WS,hat+n,clothing,nouns,nouns,hat,47606400,551,hat,hat,n,TRUE
43,grandpa (child's word),English (American),WS,grandpa+n,people,other,other,grandpa,48038400,556,grandpa,grandpa,n,TRUE
44,bottle,English (American),WS,bottle+n,household,nouns,nouns,bottle,48124800,557,bottle,bottle,n,TRUE
45,hello,English (American),WS,hello+n,games_routines,other,other,hello,48297600,559,hello,hello,n,TRUE
46,shh/shush/hush,English (American),WS,shh+other,games_routines,other,other,shh,48470400,561,shh,shh,other,TRUE
47,fish (animal),English (American),WS,fish+n,animals,nouns,nouns,fish,48643200,563,fish,fish,n,TRUE
48,up,English (American),WS,up+r,locations,function_words,function_words,up,48643200,563,up,up,r,TRUE
49,please,English (American),WS,please+other,games_routines,other,other,please,48729600,564,please,please,other,TRUE
50,all gone,English (American),WS,all gone+a,descriptive_words,predicates,adjectives,all gone,48816000,565,all gone,all gone,a,TRUE
51,truck,English (American),WS,truck+n,vehicles,nouns,nouns,truck,48902400,566,truck,truck,n,TRUE
52,bear,English (American),WS,bear+n,animals,nouns,nouns,bear,49075200,568,bear,bear,n,TRUE
53,cracker,English (American),WS,cracker+n,food_drink,nouns,nouns,cracker,49075200,568,cracker,cracker,n,TRUE
54,peekaboo,English (American),WS,peekaboo+other,games_routines,other,other,peekaboo,49075200,568,peekaboo,peekaboo,other,TRUE
55,water (beverage),English (American),WS,water+n,food_drink,nouns,nouns,water,49161600,569,water,water,n,TRUE
56,owie/boo boo,English (American),WS,owie+n,body_parts,nouns,nouns,owie,49507200,573,owie,owie,n,TRUE
57,choo choo,English (American),WS,choo choo+other,sounds,other,other,choo choo,49593600,574,choo choo,choo choo,other,TRUE
58,diaper,English (American),WS,diaper+n,clothing,nouns,nouns,diaper,49852800,577,diaper,diaper,n,TRUE
59,go,English (American),WS,go+v,action_words,predicates,verbs,go,50198400,581,go,go,v,TRUE
60,cup,English (American),WS,cup+n,household,nouns,nouns,cup,50284800,582,cup,cup,n,TRUE
61,water (not beverage),English (American),WS,water+n,outside,nouns,nouns,water (not beverage),50544000,585,water,water,n,TRUE
62,down,English (American),WS,down+r,locations,function_words,function_words,down,50630400,586,down,down,r,TRUE
63,hair,English (American),WS,hair+n,body_parts,nouns,nouns,hair,50716800,587,hair,hair,n,TRUE
64,child's own name,English (American),WS,child's own name+other,people,other,other,child's own name,51148800,592,child's own name,child's own name,other,TRUE
65,cow,English (American),WS,cow+n,animals,nouns,nouns,cow,51321600,594,cow,cow,n,TRUE
66,more,English (American),WS,more+r,quantifiers,function_words,function_words,more,51321600,594,more,more,r,TRUE
67,outside,English (American),WS,outside+r,places,other,other,outside,51494400,596,outside,outside,r,TRUE
68,spoon,English (American),WS,spoon+n,household,nouns,nouns,spoon,51667200,598,spoon,spoon,n,TRUE
69,mine,English (American),WS,mine+r,pronouns,function_words,function_words,mine,51667200,598,mine,mine,r,TRUE
70,door,English (American),WS,door+n,furniture_rooms,nouns,nouns,door,51840000,600,door,door,n,TRUE
71,eat,English (American),WS,eat+v,action_words,predicates,verbs,eat,51926400,601,eat,eat,v,TRUE
72,airplane,English (American),WS,airplane+n,vehicles,nouns,nouns,airplane,52012800,602,airplane,airplane,n,TRUE
73,tree,English (American),WS,tree+n,outside,nouns,nouns,tree,52012800,602,tree,tree,n,TRUE
74,mouth,English (American),WS,mouth+n,body_parts,nouns,nouns,mouth,52099200,603,mouth,mouth,n,TRUE
75,light,English (American),WS,light+n,household,nouns,nouns,light,52444800,607,light,light,n,TRUE
76,horse,English (American),WS,horse+n,animals,nouns,nouns,horse,52704000,610,horse,horse,n,TRUE
77,belly button,English (American),WS,belly button+n,body_parts,nouns,nouns,belly button,52704000,610,belly button,belly button,n,TRUE
78,flower,English (American),WS,flower+n,outside,nouns,nouns,flower,52704000,610,flower,flower,n,TRUE
79,blanket,English (American),WS,blanket+n,household,nouns,nouns,blanket,52790400,611,blanket,blanket,n,TRUE
80,bunny,English (American),WS,bunny+n,animals,nouns,nouns,bunny,52876800,612,bunny,bunny,n,TRUE
81,sock,English (American),WS,sock+n,clothing,nouns,nouns,sock,53136000,615,sock,sock,n,TRUE
82,boat,English (American),WS,boat+n,vehicles,nouns,nouns,boat,53222400,616,boat,boat,n,TRUE
83,bed,English (American),WS,bed+n,furniture_rooms,nouns,nouns,bed,53308800,617,bed,bed,n,TRUE
84,puppy,English (American),WS,puppy+n,animals,nouns,nouns,puppy,53481600,619,puppy,puppy,n,TRUE
85,pig,English (American),WS,pig+n,animals,nouns,nouns,pig,53568000,620,pig,pig,n,TRUE
86,chair,English (American),WS,chair+n,furniture_rooms,nouns,nouns,chair,53568000,620,chair,chair,n,TRUE
87,moon,English (American),WS,moon+n,outside,nouns,nouns,moon,53568000,620,moon,moon,n,TRUE
88,bus,English (American),WS,bus+n,vehicles,nouns,nouns,bus,53913600,624,bus,bus,n,TRUE
89,foot,English (American),WS,foot+n,body_parts,nouns,nouns,foot,54000000,625,foot,foot,n,TRUE
90,toe,English (American),WS,toe+n,body_parts,nouns,nouns,toe,54000000,625,toe,toe,n,TRUE
91,train,English (American),WS,train+n,vehicles,nouns,nouns,train,54259200,628,train,train,n,TRUE
92,bee,English (American),WS,bee+n,animals,nouns,nouns,bee,54345600,629,bee,bee,n,TRUE
93,cold,English (American),WS,cold+a,descriptive_words,predicates,adjectives,cold,54432000,630,cold,cold,a,TRUE
94,drink (beverage),English (American),WS,drink+n,food_drink,nouns,nouns,drink,54518400,631,drink,drink,n,TRUE
95,keys,English (American),WS,key+n,household,nouns,nouns,keys,54518400,631,keys,key,n,TRUE
96,telephone,English (American),WS,telephone+n,household,nouns,nouns,telephone,54518400,631,telephone,telephone,n,TRUE
97,potty,English (American),WS,potty+n,furniture_rooms,nouns,nouns,potty,54518400,631,potty,potty,n,TRUE
98,hand,English (American),WS,hand+n,body_parts,nouns,nouns,hand,54691200,633,hand,hand,n,TRUE
99,drink (action),English (American),WS,drink+v,action_words,predicates,verbs,drink,54777600,634,drink,drink,v,TRUE
100,kiss,English (American),WS,kiss+v,action_words,predicates,verbs,kiss,54777600,634,kiss,kiss,v,TRUE
101,pet's name,English (American),WS,pet's name+other,people,other,other,pet's name,54864000,635,pet's name,pet's name,other,TRUE
102,bug,English (American),WS,bug+n,animals,nouns,nouns,bug,55209600,639,bug,bug,n,TRUE
103,monkey,English (American),WS,monkey+n,animals,nouns,nouns,monkey,55296000,640,monkey,monkey,n,TRUE
104,block,English (American),WS,block+n,toys,nouns,nouns,block,55296000,640,block,block,n,TRUE
105,toy (object),English (American),WS,toy+n,toys,nouns,nouns,toy,55296000,640,toy,toy,n,TRUE
106,tummy,English (American),WS,tummy+n,body_parts,nouns,nouns,tummy,55382400,641,tummy,tummy,n,TRUE
107,pizza,English (American),WS,pizza+n,food_drink,nouns,nouns,pizza,55468800,642,pizza,pizza,n,TRUE
108,off,English (American),WS,off+r,locations,function_words,function_words,off,55468800,642,off,off,r,TRUE
109,head,English (American),WS,head+n,body_parts,nouns,nouns,head,55555200,643,head,head,n,TRUE
110,toothbrush,English (American),WS,toothbrush+n,household,nouns,nouns,toothbrush,55641600,644,toothbrush,toothbrush,n,TRUE
111,bread,English (American),WS,bread+n,food_drink,nouns,nouns,bread,55814400,646,bread,bread,n,TRUE
112,bicycle,English (American),WS,bicycle+n,vehicles,nouns,nouns,bicycle,55900800,647,bicycle,bicycle,n,TRUE
113,TV,English (American),WS,tv+n,furniture_rooms,nouns,nouns,tv,55900800,647,tv,tv,n,TRUE
114,home,English (American),WS,home+n,places,other,other,home,55900800,647,home,home,n,TRUE
115,shirt,English (American),WS,shirt+n,clothing,nouns,nouns,shirt,56073600,649,shirt,shirt,n,TRUE
116,tooth,English (American),WS,tooth+n,body_parts,nouns,nouns,tooth,56160000,650,tooth,tooth,n,TRUE
117,on,English (American),WS,on+r,locations,function_words,function_words,on,56160000,650,on,on,r,TRUE
118,finger,English (American),WS,finger+n,body_parts,nouns,nouns,finger,56246400,651,finger,finger,n,TRUE
119,swing (object),English (American),WS,swing+n,outside,nouns,nouns,swing,56246400,651,swing,swing,n,TRUE
120,hug,English (American),WS,hug+v,action_words,predicates,verbs,hug,56246400,651,hug,hug,v,TRUE
121,open,English (American),WS,open+v,action_words,predicates,verbs,open (action),56332800,652,open,open,v,TRUE
122,arm,English (American),WS,arm+n,body_parts,nouns,nouns,arm,56419200,653,arm,arm,n,TRUE
123,ice cream,English (American),WS,ice cream+n,food_drink,nouns,nouns,ice cream,56505600,654,ice cream,ice cream,n,TRUE
124,brush,English (American),WS,brush+n,household,nouns,nouns,brush,56505600,654,brush,brush,n,TRUE
125,fork,English (American),WS,fork+n,household,nouns,nouns,fork,56678400,656,fork,fork,n,TRUE
126,sit,English (American),WS,sit+v,action_words,predicates,verbs,sit,56678400,656,sit,sit,v,TRUE
127,yucky,English (American),WS,yucky+a,descriptive_words,predicates,adjectives,yucky,56678400,656,yucky,yucky,a,TRUE
128,doll,English (American),WS,doll+n,toys,nouns,nouns,doll,56764800,657,doll,doll,n,TRUE
129,rock,English (American),WS,rock+n,outside,nouns,nouns,rock,56764800,657,rock,rock,n,TRUE
130,out,English (American),WS,out+r,locations,function_words,function_words,out,56764800,657,out,out,r,TRUE
131,frog,English (American),WS,frog+n,animals,nouns,nouns,frog,56851200,658,frog,frog,n,TRUE
132,cereal,English (American),WS,cereal+n,food_drink,nouns,nouns,cereal,56851200,658,cereal,cereal,n,TRUE
133,egg,English (American),WS,egg+n,food_drink,nouns,nouns,egg,56851200,658,egg,egg,n,TRUE
134,me,English (American),WS,me+r,pronouns,function_words,function_words,me,56851200,658,me,me,r,TRUE
135,grapes,English (American),WS,grape+n,food_drink,nouns,nouns,grapes,56937600,659,grapes,grape,n,TRUE
136,cake,English (American),WS,cake+n,food_drink,nouns,nouns,cake,57024000,660,cake,cake,n,TRUE
137,fish (food),English (American),WS,fish+n,food_drink,nouns,nouns,fish,57024000,660,fish,fish,n,TRUE
138,bathtub,English (American),WS,bathtub+n,furniture_rooms,nouns,nouns,bathtub,57024000,660,bathtub,bathtub,n,TRUE
139,bite,English (American),WS,bite+v,action_words,predicates,verbs,bite,57024000,660,bite,bite,v,TRUE
140,rain,English (American),WS,rain+n,outside,nouns,nouns,rain,57196800,662,rain,rain,n,TRUE
141,buttocks/bottom (child's word),English (American),WS,butt+n,body_parts,nouns,nouns,butt,57283200,663,butt,butt,n,TRUE
142,pants,English (American),WS,pant+n,clothing,nouns,nouns,pants,57369600,664,pants,pant,n,TRUE
143,box,English (American),WS,box+n,household,nouns,nouns,box,57369600,664,box,box,n,TRUE
144,button,English (American),WS,button+n,clothing,nouns,nouns,button,57456000,665,button,button,n,TRUE
145,dirty,English (American),WS,dirty+a,descriptive_words,predicates,adjectives,dirty,57456000,665,dirty,dirty,a,TRUE
146,pillow,English (American),WS,pillow+n,household,nouns,nouns,pillow,57628800,667,pillow,pillow,n,TRUE
147,big,English (American),WS,big+a,descriptive_words,predicates,adjectives,big,57888000,670,big,big,a,TRUE
148,star,English (American),WS,star+n,outside,nouns,nouns,star,57974400,671,star,star,n,TRUE
149,candy,English (American),WS,candy+n,food_drink,nouns,nouns,candy,58060800,672,candy,candy,n,TRUE
150,wet,English (American),WS,wet+a,descriptive_words,predicates,adjectives,wet (description),58060800,672,wet,wet,a,TRUE
151,boots,English (American),WS,boot+n,clothing,nouns,nouns,boots,58147200,673,boots,boot,n,TRUE
152,read,English (American),WS,read+v,action_words,predicates,verbs,read,58147200,673,read,read,v,TRUE
153,soap,English (American),WS,soap+n,household,nouns,nouns,soap,58233600,674,soap,soap,n,TRUE
154,knee,English (American),WS,knee+n,body_parts,nouns,nouns,knee,58320000,675,knee,knee,n,TRUE
155,bowl,English (American),WS,bowl+n,household,nouns,nouns,bowl,58320000,675,bowl,bowl,n,TRUE
156,nap,English (American),WS,nap+n,games_routines,other,other,nap,58320000,675,nap,nap,n,TRUE
157,elephant,English (American),WS,elephant+n,animals,nouns,nouns,elephant,58406400,676,elephant,elephant,n,TRUE
158,coat,English (American),WS,coat+n,clothing,nouns,nouns,coat,58406400,676,coat,coat,n,TRUE
159,walk,English (American),WS,walk+v,action_words,predicates,verbs,walk,58406400,676,walk,walk,v,TRUE
160,chicken (food),English (American),WS,chicken+n,food_drink,nouns,nouns,chicken (food),58492800,677,chicken,chicken,n,TRUE
161,paper,English (American),WS,paper+n,household,nouns,nouns,paper,58492800,677,paper,paper,n,TRUE
162,go potty,English (American),WS,go potty+other,games_routines,other,other,go potty,58492800,677,go potty,go potty,other,TRUE
163,stop,English (American),WS,stop+v,action_words,predicates,verbs,stop,58492800,677,stop,stop,v,TRUE
164,house,English (American),WS,house+n,places,other,other,house,58579200,678,house,house,n,TRUE
165,help,English (American),WS,help+v,action_words,predicates,verbs,help,58579200,678,help,help,v,TRUE
166,turtle,English (American),WS,turtle+n,animals,nouns,nouns,turtle,58665600,679,turtle,turtle,n,TRUE
167,ice,English (American),WS,ice+n,food_drink,nouns,nouns,ice,58665600,679,ice,ice,n,TRUE
168,orange (food),English (American),WS,orange+n,food_drink,nouns,nouns,orange (food),58665600,679,orange,orange,n,TRUE
169,play,English (American),WS,play+v,action_words,predicates,verbs,play,58665600,679,play,play,v,TRUE
170,chicken (animal),English (American),WS,chicken+n,animals,nouns,nouns,chicken (animal),58838400,681,chicken,chicken,n,TRUE
171,see,English (American),WS,see+v,action_words,predicates,verbs,see,58838400,681,see,see,v,TRUE
172,clock,English (American),WS,clock+n,household,nouns,nouns,clock,58924800,682,clock,clock,n,TRUE
173,sleep,English (American),WS,sleep+v,action_words,predicates,verbs,sleep,59011200,683,sleep,sleep,v,TRUE
174,lion,English (American),WS,lion+n,animals,nouns,nouns,lion,59097600,684,lion,lion,n,TRUE
175,french fries,English (American),WS,french fries+n,food_drink,nouns,nouns,french fries,59097600,684,french fries,french fries,n,TRUE
176,blue,English (American),WS,blue+a,descriptive_words,predicates,adjectives,blue,59097600,684,blue,blue,a,TRUE
177,leg,English (American),WS,leg+n,body_parts,nouns,nouns,leg,59184000,685,leg,leg,n,TRUE
178,sun,English (American),WS,sun+n,outside,nouns,nouns,sun,59184000,685,sun,sun,n,TRUE
179,love,English (American),WS,love+v,action_words,predicates,verbs,love,59270400,686,love,love,v,TRUE
180,swing (action),English (American),WS,swing+v,action_words,predicates,verbs,swing (action),59270400,686,swing,swing,v,TRUE
181,mouse,English (American),WS,mouse+n,animals,nouns,nouns,mouse,59356800,687,mouse,mouse,n,TRUE
182,slide (object),English (American),WS,slide+n,outside,nouns,nouns,slide (object),59356800,687,slide,slide,n,TRUE
183,jump,English (American),WS,jump+v,action_words,predicates,verbs,jump,59356800,687,jump,jump,v,TRUE
184,butterfly,English (American),WS,butterfly+n,animals,nouns,nouns,butterfly,59443200,688,butterfly,butterfly,n,TRUE
185,crayon,English (American),WS,crayon+n,toys,nouns,nouns,crayon,59443200,688,crayon,crayon,n,TRUE
186,towel,English (American),WS,towel+n,household,nouns,nouns,towel,59529600,689,towel,towel,n,TRUE
187,park,English (American),WS,park+n,places,other,other,park,59616000,690,park,park,n,TRUE
188,teddybear,English (American),WS,teddybear+n,animals,nouns,nouns,teddybear,59702400,691,teddybear,teddybear,n,TRUE
189,boy,English (American),WS,boy+n,people,other,other,boy,59961600,694,boy,boy,n,TRUE
190,cry,English (American),WS,cry+v,action_words,predicates,verbs,cry,59961600,694,cry,cry,v,TRUE
191,tickle,English (American),WS,tickle+v,action_words,predicates,verbs,tickle,59961600,694,tickle,tickle,v,TRUE
192,pajamas,English (American),WS,pajama+n,clothing,nouns,nouns,pajamas,60048000,695,pajamas,pajama,n,TRUE
193,tongue,English (American),WS,tongue+n,body_parts,nouns,nouns,tongue,60048000,695,tongue,tongue,n,TRUE
194,glasses,English (American),WS,glass+n,household,nouns,nouns,glasses,60048000,695,glasses,glass,n,TRUE
195,cheek,English (American),WS,cheek+n,body_parts,nouns,nouns,cheek,60220800,697,cheek,cheek,n,TRUE
196,money,English (American),WS,money+n,household,nouns,nouns,money,60220800,697,money,money,n,TRUE
197,dance,English (American),WS,dance+v,action_words,predicates,verbs,dance,60307200,698,dance,dance,v,TRUE
198,fall,English (American),WS,fall+v,action_words,predicates,verbs,fall,60307200,698,fall,fall,v,TRUE
199,toast,English (American),WS,toast+n,food_drink,nouns,nouns,toast,60393600,699,toast,toast,n,TRUE
200,grass,English (American),WS,grass+n,outside,nouns,nouns,grass,60393600,699,grass,grass,n,TRUE
201,sheep,English (American),WS,sheep+n,animals,nouns,nouns,sheep,60480000,700,sheep,sheep,n,TRUE
202,food,English (American),WS,food+n,food_drink,nouns,nouns,food,60480000,700,food,food,n,TRUE
203,broken,English (American),WS,broken+a,descriptive_words,predicates,adjectives,broken,60566400,701,broken,broken,a,TRUE
204,cheerios,English (American),WS,cheerio+n,food_drink,nouns,nouns,cheerios,60652800,702,cheerios,cheerio,n,TRUE
205,bathroom,English (American),WS,bathroom+n,furniture_rooms,nouns,nouns,bathroom,60652800,702,bathroom,bathroom,n,TRUE
206,table,English (American),WS,table+n,furniture_rooms,nouns,nouns,table,60739200,703,table,table,n,TRUE
207,pool,English (American),WS,pool+n,outside,nouns,nouns,pool,60739200,703,pool,pool,n,TRUE
208,yogurt,English (American),WS,yogurt+n,food_drink,nouns,nouns,yogurt,60912000,705,yogurt,yogurt,n,TRUE
209,school,English (American),WS,school+n,places,other,other,school,60912000,705,school,school,n,TRUE
210,bib,English (American),WS,bib+n,clothing,nouns,nouns,bib,60998400,706,bib,bib,n,TRUE
211,run,English (American),WS,run+v,action_words,predicates,verbs,run,60998400,706,run,run,v,TRUE
212,owl,English (American),WS,owl+n,animals,nouns,nouns,owl,61084800,707,owl,owl,n,TRUE
213,call (on phone),English (American),WS,call on phone+other,games_routines,other,other,call on phone,61084800,707,call on phone,call on phone,other,TRUE
214,clap,English (American),WS,clap+v,action_words,predicates,verbs,clap,61084800,707,clap,clap,v,TRUE
215,that,English (American),WS,that+r,pronouns,function_words,function_words,that,61084800,707,that,that,r,TRUE
216,face,English (American),WS,face+n,body_parts,nouns,nouns,face,61171200,708,face,face,n,TRUE
217,store,English (American),WS,store+n,places,other,other,store,61171200,708,store,store,n,TRUE
218,wash,English (American),WS,wash+v,action_words,predicates,verbs,wash,61171200,708,wash,wash,v,TRUE
219,carrots,English (American),WS,carrot+n,food_drink,nouns,nouns,carrots,61344000,710,carrots,carrot,n,TRUE
220,broom,English (American),WS,broom+n,household,nouns,nouns,broom,61344000,710,broom,broom,n,TRUE
221,clean (description),English (American),WS,clean+a,descriptive_words,predicates,adjectives,clean (description),61344000,710,clean,clean,a,TRUE
222,pen,English (American),WS,pen+n,toys,nouns,nouns,pen,61430400,711,pen,pen,n,TRUE
223,jacket,English (American),WS,jacket+n,clothing,nouns,nouns,jacket,61430400,711,jacket,jacket,n,TRUE
224,what,English (American),WS,what+r,question_words,function_words,function_words,what,61430400,711,what,what,r,TRUE
225,tiger,English (American),WS,tiger+n,animals,nouns,nouns,tiger,61516800,712,tiger,tiger,n,TRUE
226,look,English (American),WS,look+v,action_words,predicates,verbs,look,61516800,712,look,look,v,TRUE
227,good,English (American),WS,good+a,descriptive_words,predicates,adjectives,good,61516800,712,good,good,a,TRUE
228,inside/in,English (American),WS,in+r,locations,function_words,function_words,in,61516800,712,in,in,r,TRUE
229,chin,English (American),WS,chin+n,body_parts,nouns,nouns,chin,61603200,713,chin,chin,n,TRUE
230,noodles,English (American),WS,pasta+n,food_drink,nouns,nouns,pasta,61776000,715,pasta,pasta,n,TRUE
231,popcorn,English (American),WS,popcorn+n,food_drink,nouns,nouns,popcorn,61776000,715,popcorn,popcorn,n,TRUE
232,kitchen,English (American),WS,kitchen+n,furniture_rooms,nouns,nouns,kitchen,61776000,715,kitchen,kitchen,n,TRUE
233,work (place),English (American),WS,work+n,places,other,other,work (place),61776000,715,work,work,n,TRUE
234,get,English (American),WS,get+v,action_words,predicates,verbs,get,61776000,715,get,get,v,TRUE
235,I,English (American),WS,i+r,pronouns,function_words,function_words,i,61776000,715,i,i,r,TRUE
236,corn,English (American),WS,corn+n,food_drink,nouns,nouns,corn,61862400,716,corn,corn,n,TRUE
237,plate,English (American),WS,plate+n,household,nouns,nouns,plate,61862400,716,plate,plate,n,TRUE
238,shower,English (American),WS,shower+n,furniture_rooms,nouns,nouns,shower,61862400,716,shower,shower,n,TRUE
239,girl,English (American),WS,girl+n,people,other,other,girl,61862400,716,girl,girl,n,TRUE
240,snack,English (American),WS,snack+n,games_routines,other,other,snack,61862400,716,snack,snack,n,TRUE
241,blow,English (American),WS,blow+v,action_words,predicates,verbs,blow,61862400,716,blow,blow,v,TRUE
242,red,English (American),WS,red+a,descriptive_words,predicates,adjectives,red,61862400,716,red,red,a,TRUE
243,raisin,English (American),WS,raisin+n,food_drink,nouns,nouns,raisin,61948800,717,raisin,raisin,n,TRUE
244,you,English (American),WS,you+r,pronouns,function_words,function_words,you,61948800,717,you,you,r,TRUE
245,picture,English (American),WS,picture+n,household,nouns,nouns,picture,62035200,718,picture,picture,n,TRUE
246,clean (action),English (American),WS,clean+v,action_words,predicates,verbs,clean (action),62121600,719,clean,clean,v,TRUE
247,strawberry,English (American),WS,strawberry+n,food_drink,nouns,nouns,strawberry,62208000,720,strawberry,strawberry,n,TRUE
248,ride,English (American),WS,ride+v,action_words,predicates,verbs,ride,62294400,721,ride,ride,v,TRUE
249,breakfast,English (American),WS,breakfast+n,games_routines,other,other,breakfast,62380800,722,breakfast,breakfast,n,TRUE
250,happy,English (American),WS,happy+a,descriptive_words,predicates,adjectives,happy,62380800,722,happy,happy,a,TRUE
251,giraffe,English (American),WS,giraffe+n,animals,nouns,nouns,giraffe,62467200,723,giraffe,giraffe,n,TRUE
252,sky,English (American),WS,sky+n,outside,nouns,nouns,sky,62467200,723,sky,sky,n,TRUE
253,yellow,English (American),WS,yellow+a,descriptive_words,predicates,adjectives,yellow,62467200,723,yellow,yellow,a,TRUE
254,firetruck,English (American),WS,firetruck+n,vehicles,nouns,nouns,firetruck,62553600,724,firetruck,firetruck,n,TRUE
255,medicine,English (American),WS,medicine+n,household,nouns,nouns,medicine,62553600,724,medicine,medicine,n,TRUE
256,hungry,English (American),WS,hungry+a,descriptive_words,predicates,adjectives,hungry,62553600,724,hungry,hungry,a,TRUE
257,puzzle,English (American),WS,puzzle+n,toys,nouns,nouns,puzzle,62640000,725,puzzle,puzzle,n,TRUE
258,pancake,English (American),WS,pancake+n,food_drink,nouns,nouns,pancake,62640000,725,pancake,pancake,n,TRUE
259,animal,English (American),WS,animal+n,animals,nouns,nouns,animal,62726400,726,animal,animal,n,TRUE
260,potato chip,English (American),WS,chip+n,food_drink,nouns,nouns,chips,62726400,726,chips,chip,n,TRUE
261,slide (action),English (American),WS,slide+v,action_words,predicates,verbs,slide (action),62726400,726,slide,slide,v,TRUE
262,orange (description),English (American),WS,orange+a,descriptive_words,predicates,adjectives,orange (description),62726400,726,orange,orange,a,TRUE
263,spaghetti,English (American),WS,pasta+n,food_drink,nouns,nouns,pasta,62812800,727,pasta,pasta,n,TRUE
264,sweater,English (American),WS,sweater+n,clothing,nouns,nouns,sweater,62812800,727,sweater,sweater,n,TRUE
265,watch (object),English (American),WS,watch+n,household,nouns,nouns,watch (object),62812800,727,watch,watch,n,TRUE
266,lunch,English (American),WS,lunch+n,games_routines,other,other,lunch,62899200,728,lunch,lunch,n,TRUE
267,close,English (American),WS,close+v,action_words,predicates,verbs,close,62899200,728,close,close,v,TRUE
268,couch,English (American),WS,couch+n,furniture_rooms,nouns,nouns,couch,62985600,729,couch,couch,n,TRUE
269,stick,English (American),WS,stick+n,outside,nouns,nouns,stick,62985600,729,stick,stick,n,TRUE
270,dinner,English (American),WS,dinner+n,games_routines,other,other,dinner,62985600,729,dinner,dinner,n,TRUE
271,kick,English (American),WS,kick+v,action_words,predicates,verbs,kick,62985600,729,kick,kick,v,TRUE
272,green,English (American),WS,green+a,descriptive_words,predicates,adjectives,green,62985600,729,green,green,a,TRUE
273,butter,English (American),WS,butter+n,food_drink,nouns,nouns,butter,63072000,730,butter,butter,n,TRUE
274,trash,English (American),WS,trash+n,household,nouns,nouns,trash,63072000,730,trash,trash,n,TRUE
275,hit,English (American),WS,hit+v,action_words,predicates,verbs,hit,63072000,730,hit,hit,v,TRUE
276,sing,English (American),WS,sing+v,action_words,predicates,verbs,sing,63072000,730,sing,sing,v,TRUE
277,throw,English (American),WS,throw+v,action_words,predicates,verbs,throw,63072000,730,throw,throw,v,TRUE
278,pretty,English (American),WS,pretty+a,descriptive_words,predicates,adjectives,pretty,63072000,730,pretty,pretty,a,TRUE
279,vacuum,English (American),WS,vacuum+n,household,nouns,nouns,vacuum,63158400,731,vacuum,vacuum,n,TRUE
280,hurt,English (American),WS,hurt+a,descriptive_words,predicates,adjectives,hurt (description),63158400,731,hurt,hurt,a,TRUE
281,night,English (American),WS,night+n,time_words,other,other,night,63244800,732,night,night,n,TRUE
282,push,English (American),WS,push+v,action_words,predicates,verbs,push,63331200,733,push,push,v,TRUE
283,swim,English (American),WS,swim+v,action_words,predicates,verbs,swim,63331200,733,swim,swim,v,TRUE
284,beans,English (American),WS,bean+n,food_drink,nouns,nouns,beans,63417600,734,beans,bean,n,TRUE
285,peanut butter,English (American),WS,peanut butter+n,food_drink,nouns,nouns,peanut butter,63417600,734,peanut butter,peanut butter,n,TRUE
286,peas,English (American),WS,pea+n,food_drink,nouns,nouns,peas,63504000,735,peas,pea,n,TRUE
287,sandwich,English (American),WS,sandwich+n,food_drink,nouns,nouns,sandwich,63590400,736,sandwich,sandwich,n,TRUE
288,this,English (American),WS,this+r,pronouns,function_words,function_words,this,63590400,736,this,this,r,TRUE
289,napkin,English (American),WS,napkin+n,household,nouns,nouns,napkin,63676800,737,napkin,napkin,n,TRUE
290,room,English (American),WS,room+n,furniture_rooms,nouns,nouns,room,63676800,737,room,room,n,TRUE
291,doctor,English (American),WS,doctor+n,people,other,other,doctor,63676800,737,doctor,doctor,n,TRUE
292,asleep,English (American),WS,asleep+a,descriptive_words,predicates,adjectives,asleep,63676800,737,asleep,asleep,a,TRUE
293,my,English (American),WS,my+r,pronouns,function_words,function_words,my,63676800,737,my,my,r,TRUE
294,break,English (American),WS,break+v,action_words,predicates,verbs,break,63763200,738,break,break,v,TRUE
295,do,English (American),WS,do+v,helping_verbs,function_words,function_words,do,63763200,738,do,do,v,TRUE
296,ant,English (American),WS,ant+n,animals,nouns,nouns,ant,63849600,739,ant,ant,n,TRUE
297,gonna get you!,English (American),WS,gonna get you+other,games_routines,other,other,gonna get you,63849600,739,gonna get you,gonna get you,other,TRUE
298,story,English (American),WS,story+n,toys,nouns,nouns,story,63936000,740,story,story,n,TRUE
299,zipper,English (American),WS,zipper+n,clothing,nouns,nouns,zipper,64022400,741,zipper,zipper,n,TRUE
300,purse,English (American),WS,purse+n,household,nouns,nouns,purse,64022400,741,purse,purse,n,TRUE
301,tissue/kleenex,English (American),WS,tissue+n,household,nouns,nouns,tissue,64022400,741,tissue,tissue,n,TRUE
302,hamburger,English (American),WS,hamburger+n,food_drink,nouns,nouns,hamburger,64195200,743,hamburger,hamburger,n,TRUE
303,shorts,English (American),WS,short+n,clothing,nouns,nouns,shorts,64195200,743,shorts,short,n,TRUE
304,comb,English (American),WS,comb+n,household,nouns,nouns,comb (object),64195200,743,comb,comb,n,TRUE
305,window,English (American),WS,window+n,furniture_rooms,nouns,nouns,window,64195200,743,window,window,n,TRUE
306,work (action),English (American),WS,work+v,action_words,predicates,verbs,work (action),64195200,743,work,work,v,TRUE
307,heavy,English (American),WS,heavy+a,descriptive_words,predicates,adjectives,heavy,64195200,743,heavy,heavy,a,TRUE
308,coffee,English (American),WS,coffee+n,food_drink,nouns,nouns,coffee,64281600,744,coffee,coffee,n,TRUE
309,soup,English (American),WS,soup+n,food_drink,nouns,nouns,soup,64281600,744,soup,soup,n,TRUE
310,drive,English (American),WS,drive+v,action_words,predicates,verbs,drive,64281600,744,drive,drive,v,TRUE
311,helicopter,English (American),WS,helicopter+n,vehicles,nouns,nouns,helicopter,64368000,745,helicopter,helicopter,n,TRUE
312,chocolate,English (American),WS,chocolate+n,food_drink,nouns,nouns,chocolate,64368000,745,chocolate,chocolate,n,TRUE
313,stairs,English (American),WS,stair+n,furniture_rooms,nouns,nouns,stairs,64368000,745,stairs,stair,n,TRUE
314,fix,English (American),WS,fix+v,action_words,predicates,verbs,fix,64368000,745,fix,fix,v,TRUE
315,bad,English (American),WS,bad+a,descriptive_words,predicates,adjectives,bad,64454400,746,bad,bad,a,TRUE
316,here,English (American),WS,here+r,locations,function_words,function_words,here,64454400,746,here,here,r,TRUE
317,squirrel,English (American),WS,squirrel+n,animals,nouns,nouns,squirrel,64540800,747,squirrel,squirrel,n,TRUE
318,babysitter's name,English (American),WS,babysitter's name+other,people,other,other,babysitter's name,64540800,747,babysitter's name,babysitter's name,other,TRUE
319,cockadoodledoo,English (American),WS,cockadoodledoo+other,sounds,other,other,cockadoodledoo,64627200,748,cockadoodledoo,cockadoodledoo,other,TRUE
320,zebra,English (American),WS,zebra+n,animals,nouns,nouns,zebra,64627200,748,zebra,zebra,n,TRUE
321,hold,English (American),WS,hold+v,action_words,predicates,verbs,hold,64627200,748,hold,hold,v,TRUE
322,snow,English (American),WS,snow+n,outside,nouns,nouns,snow,64713600,749,snow,snow,n,TRUE
323,wanna/want to,English (American),WS,wanna+r,helping_verbs,function_words,function_words,wanna,64713600,749,wanna,wanna,r,TRUE
324,knife,English (American),WS,knife+n,household,nouns,nouns,knife,64800000,750,knife,knife,n,TRUE
325,cook,English (American),WS,cook+v,action_words,predicates,verbs,cook,64800000,750,cook,cook,v,TRUE
326,pencil,English (American),WS,pencil+n,toys,nouns,nouns,pencil,64972800,752,pencil,pencil,n,TRUE
327,stroller,English (American),WS,stroller+n,vehicles,nouns,nouns,stroller,65059200,753,stroller,stroller,n,TRUE
328,present,English (American),WS,present+n,toys,nouns,nouns,present,65059200,753,present,present,n,TRUE
329,potato,English (American),WS,potato+n,food_drink,nouns,nouns,potato,65059200,753,potato,potato,n,TRUE
330,motorcycle,English (American),WS,motorcycle+n,vehicles,nouns,nouns,motorcycle,65145600,754,motorcycle,motorcycle,n,TRUE
331,lips,English (American),WS,lip+n,body_parts,nouns,nouns,lips,65145600,754,lips,lip,n,TRUE
332,bedroom,English (American),WS,bedroom+n,furniture_rooms,nouns,nouns,bedroom,65145600,754,bedroom,bedroom,n,TRUE
333,give me five!,English (American),WS,give me five+other,games_routines,other,other,give me five,65232000,755,give me five,give me five,other,TRUE
334,little (description),English (American),WS,little+a,descriptive_words,predicates,adjectives,little (description),65232000,755,little,little,a,TRUE
335,applesauce,English (American),WS,applesauce+n,food_drink,nouns,nouns,applesauce,65318400,756,applesauce,applesauce,n,TRUE
336,basket,English (American),WS,basket+n,household,nouns,nouns,basket,65318400,756,basket,basket,n,TRUE
337,nice,English (American),WS,nice+a,descriptive_words,predicates,adjectives,nice,65318400,756,nice,nice,a,TRUE
338,sink,English (American),WS,sink+n,furniture_rooms,nouns,nouns,sink,65404800,757,sink,sink,n,TRUE
339,man,English (American),WS,man+n,people,other,other,man,65404800,757,man,man,n,TRUE
340,hide,English (American),WS,hide+v,action_words,predicates,verbs,hide,65404800,757,hide,hide,v,TRUE
341,alligator,English (American),WS,alligator+n,animals,nouns,nouns,alligator,65491200,758,alligator,alligator,n,TRUE
342,dress (object),English (American),WS,dress+n,clothing,nouns,nouns,dress (object),65491200,758,dress,dress,n,TRUE
343,cloud,English (American),WS,cloud+n,outside,nouns,nouns,cloud,65491200,758,cloud,cloud,n,TRUE
344,catch,English (American),WS,catch+v,action_words,predicates,verbs,catch,65491200,758,catch,catch,v,TRUE
345,where,English (American),WS,where+r,question_words,function_words,function_words,where (question),65491200,758,where,where,r,TRUE
346,tractor,English (American),WS,tractor+n,vehicles,nouns,nouns,tractor,65577600,759,tractor,tractor,n,TRUE
347,pattycake,English (American),WS,pattycake+other,games_routines,other,other,pattycake,65577600,759,pattycake,pattycake,other,TRUE
348,carry,English (American),WS,carry+v,action_words,predicates,verbs,carry,65577600,759,carry,carry,v,TRUE
349,splash,English (American),WS,splash+v,action_words,predicates,verbs,splash,65577600,759,splash,splash,v,TRUE
350,camera,English (American),WS,camera+n,household,nouns,nouns,camera,65664000,760,camera,camera,n,TRUE
351,draw,English (American),WS,draw+v,action_words,predicates,verbs,draw,65664000,760,draw,draw,v,TRUE
352,there,English (American),WS,there+r,locations,function_words,function_words,there,65664000,760,there,there,r,TRUE
353,pumpkin,English (American),WS,pumpkin+n,food_drink,nouns,nouns,pumpkin,65750400,761,pumpkin,pumpkin,n,TRUE
354,street,English (American),WS,street+n,outside,nouns,nouns,street,65750400,761,street,street,n,TRUE
355,sleepy,English (American),WS,sleepy+a,descriptive_words,predicates,adjectives,sleepy,65750400,761,sleepy,sleepy,a,TRUE
356,glass,English (American),WS,glass+n,household,nouns,nouns,glass,65836800,762,glass,glass,n,TRUE
357,find,English (American),WS,find+v,action_words,predicates,verbs,find,65923200,763,find,find,v,TRUE
358,now,English (American),WS,now+r,time_words,other,other,now,65923200,763,now,now,r,TRUE
359,popsicle,English (American),WS,popsicle+n,food_drink,nouns,nouns,popsicle,66009600,764,popsicle,popsicle,n,TRUE
360,necklace,English (American),WS,necklace+n,clothing,nouns,nouns,necklace,66096000,765,necklace,necklace,n,TRUE
361,climb,English (American),WS,climb+v,action_words,predicates,verbs,climb,66096000,765,climb,climb,v,TRUE
362,knock,English (American),WS,knock+v,action_words,predicates,verbs,knock,66096000,765,knock,knock,v,TRUE
363,crib,English (American),WS,crib+n,furniture_rooms,nouns,nouns,crib,66182400,766,crib,crib,n,TRUE
364,refrigerator,English (American),WS,refrigerator+n,furniture_rooms,nouns,nouns,refrigerator,66182400,766,refrigerator,refrigerator,n,TRUE
365,scissors,English (American),WS,scissors+n,household,nouns,nouns,scissors,66268800,767,scissors,scissors,n,TRUE
366,zoo,English (American),WS,zoo+n,places,other,other,zoo,66268800,767,zoo,zoo,n,TRUE
367,give,English (American),WS,give+v,action_words,predicates,verbs,give,66268800,767,give,give,v,TRUE
368,stuck,English (American),WS,stuck+a,descriptive_words,predicates,adjectives,stuck,66268800,767,stuck,stuck,a,TRUE
369,high chair,English (American),WS,high chair+n,furniture_rooms,nouns,nouns,high chair,66355200,768,high chair,high chair,n,TRUE
370,aunt,English (American),WS,aunt+other,people,other,other,aunt,66355200,768,aunt,aunt,other,TRUE
371,wipe,English (American),WS,wipe+v,action_words,predicates,verbs,wipe,66355200,768,wipe,wipe,v,TRUE
372,fast,English (American),WS,fast+a,descriptive_words,predicates,adjectives,fast,66441600,769,fast,fast,a,TRUE
373,tired,English (American),WS,tired+a,descriptive_words,predicates,adjectives,tired,66441600,769,tired,tired,a,TRUE
374,hammer,English (American),WS,hammer+n,household,nouns,nouns,hammer,66528000,770,hammer,hammer,n,TRUE
375,like,English (American),WS,like+v,action_words,predicates,verbs,like (action),66528000,770,like,like,v,TRUE
376,watch (action),English (American),WS,watch+v,action_words,predicates,verbs,watch (action),66528000,770,watch,watch,v,TRUE
377,dark,English (American),WS,dark+a,descriptive_words,predicates,adjectives,dark,66528000,770,dark,dark,a,TRUE
378,shovel,English (American),WS,shovel+n,outside,nouns,nouns,shovel,66614400,771,shovel,shovel,n,TRUE
379,shopping,English (American),WS,shopping+v,games_routines,other,other,shopping,66614400,771,shopping,shopping,v,TRUE
380,thirsty,English (American),WS,thirsty+a,descriptive_words,predicates,adjectives,thirsty,66614400,771,thirsty,thirsty,a,TRUE
381,bat,English (American),WS,bat+n,toys,nouns,nouns,bat,66700800,772,bat,bat,n,TRUE
382,drop,English (American),WS,drop+v,action_words,predicates,verbs,drop,66700800,772,drop,drop,v,TRUE
383,touch,English (American),WS,touch+v,action_words,predicates,verbs,touch,66700800,772,touch,touch,v,TRUE
384,meat,English (American),WS,meat+n,food_drink,nouns,nouns,meat,66873600,774,meat,meat,n,TRUE
385,party,English (American),WS,party+n,places,other,other,party,66873600,774,party,party,n,TRUE
386,bump,English (American),WS,bump+v,action_words,predicates,verbs,bump,66873600,774,bump,bump,v,TRUE
387,have,English (American),WS,have+v,action_words,predicates,verbs,have,66873600,774,have,have,v,TRUE
388,too,English (American),WS,too+r,quantifiers,function_words,function_words,too,66873600,774,too,too,r,TRUE
389,pretzel,English (American),WS,pretzel+n,food_drink,nouns,nouns,pretzel,66960000,775,pretzel,pretzel,n,TRUE
390,talk,English (American),WS,talk+v,action_words,predicates,verbs,talk,66960000,775,talk,talk,v,TRUE
391,don't,English (American),WS,don't+r,helping_verbs,function_words,function_words,don't,66960000,775,don't,don't,r,TRUE
392,bucket,English (American),WS,bucket+n,household,nouns,nouns,bucket,67046400,776,bucket,bucket,n,TRUE
393,dry (description),English (American),WS,dry+a,descriptive_words,predicates,adjectives,dry (description),67046400,776,dry,dry,a,TRUE
394,wind,English (American),WS,wind+n,outside,nouns,nouns,wind,67132800,777,wind,wind,n,TRUE
395,uncle,English (American),WS,uncle+n,people,other,other,uncle,67132800,777,uncle,uncle,n,TRUE
396,awake,English (American),WS,awake+a,descriptive_words,predicates,adjectives,awake,67132800,777,awake,awake,a,TRUE
397,black,English (American),WS,black+a,descriptive_words,predicates,adjectives,black,67132800,777,black,black,a,TRUE
398,belt,English (American),WS,belt+n,clothing,nouns,nouns,belt,67219200,778,belt,belt,n,TRUE
399,closet,English (American),WS,closet+n,furniture_rooms,nouns,nouns,closet,67219200,778,closet,closet,n,TRUE
400,game,English (American),WS,game+n,toys,nouns,nouns,game,67305600,779,game,game,n,TRUE
401,tape,English (American),WS,tape+n,household,nouns,nouns,tape,67305600,779,tape,tape,n,TRUE
402,pull,English (American),WS,pull+v,action_words,predicates,verbs,pull,67305600,779,pull,pull,v,TRUE
403,careful,English (American),WS,careful+a,descriptive_words,predicates,adjectives,careful,67305600,779,careful,careful,a,TRUE
404,soft,English (American),WS,soft+a,descriptive_words,predicates,adjectives,soft,67305600,779,soft,soft,a,TRUE
405,it,English (American),WS,it+r,pronouns,function_words,function_words,it,67305600,779,it,it,r,TRUE
406,pickle,English (American),WS,pickle+n,food_drink,nouns,nouns,pickle,67392000,780,pickle,pickle,n,TRUE
407,muffin,English (American),WS,muffin+n,food_drink,nouns,nouns,muffin,67478400,781,muffin,muffin,n,TRUE
408,turn around,English (American),WS,turn around+other,games_routines,other,other,turn around,67478400,781,turn around,turn around,other,TRUE
409,paint,English (American),WS,paint+v,action_words,predicates,verbs,paint (action),67564800,782,paint,paint,v,TRUE
410,back,English (American),WS,back+r,locations,function_words,function_words,back (location),67564800,782,back,back,r,TRUE
411,some,English (American),WS,some+r,quantifiers,function_words,function_words,some,67564800,782,some,some,r,TRUE
412,garbage,English (American),WS,garbage+n,household,nouns,nouns,garbage,67651200,783,garbage,garbage,n,TRUE
413,sticky,English (American),WS,sticky+a,descriptive_words,predicates,adjectives,sticky,67651200,783,sticky,sticky,a,TRUE
414,stand,English (American),WS,stand+v,action_words,predicates,verbs,stand,67737600,784,stand,stand,v,TRUE
415,wait,English (American),WS,wait+v,action_words,predicates,verbs,wait,67737600,784,wait,wait,v,TRUE
416,stove,English (American),WS,stove+n,furniture_rooms,nouns,nouns,stove,67824000,785,stove,stove,n,TRUE
417,soda/pop,English (American),WS,soda+n,food_drink,nouns,nouns,soda,67910400,786,soda,soda,n,TRUE
418,flag,English (American),WS,flag+n,outside,nouns,nouns,flag,67910400,786,flag,flag,n,TRUE
419,sad,English (American),WS,sad+a,descriptive_words,predicates,adjectives,sad,67910400,786,sad,sad,a,TRUE
420,dry (action),English (American),WS,dry+v,action_words,predicates,verbs,dry (action),67996800,787,dry,dry,v,TRUE
421,share,English (American),WS,share+v,action_words,predicates,verbs,share,67996800,787,share,share,v,TRUE
422,stay,English (American),WS,stay+v,action_words,predicates,verbs,stay,67996800,787,stay,stay,v,TRUE
423,sweep,English (American),WS,sweep+v,action_words,predicates,verbs,sweep,67996800,787,sweep,sweep,v,TRUE
424,deer,English (American),WS,deer+n,animals,nouns,nouns,deer,68083200,788,deer,deer,n,TRUE
425,cut,English (American),WS,cut+v,action_words,predicates,verbs,cut,68083200,788,cut,cut,v,TRUE
426,loud,English (American),WS,loud+a,descriptive_words,predicates,adjectives,loud,68083200,788,loud,loud,a,TRUE
427,lemme/let me,English (American),WS,lemme+r,helping_verbs,function_words,function_words,lemme,68083200,788,lemme,lemme,r,TRUE
428,jelly,English (American),WS,jelly+n,food_drink,nouns,nouns,jelly,68169600,789,jelly,jelly,n,TRUE
429,high,English (American),WS,high+a,descriptive_words,predicates,adjectives,high,68169600,789,high,high,a,TRUE
430,spill,English (American),WS,spill+v,action_words,predicates,verbs,spill,68256000,790,spill,spill,v,TRUE
431,scared,English (American),WS,scared+a,descriptive_words,predicates,adjectives,scared,68256000,790,scared,scared,a,TRUE
432,sick,English (American),WS,sick+a,descriptive_words,predicates,adjectives,sick,68256000,790,sick,sick,a,TRUE
433,donut,English (American),WS,donut+n,food_drink,nouns,nouns,donut,68342400,791,donut,donut,n,TRUE
434,empty,English (American),WS,empty+a,descriptive_words,predicates,adjectives,empty,68342400,791,empty,empty,a,TRUE
435,all,English (American),WS,all+r,quantifiers,function_words,function_words,all,68342400,791,all,all,r,TRUE
436,plant,English (American),WS,plant+n,household,nouns,nouns,plant,68428800,792,plant,plant,n,TRUE
437,garage,English (American),WS,garage+n,furniture_rooms,nouns,nouns,garage,68428800,792,garage,garage,n,TRUE
438,rocking chair,English (American),WS,rocking chair+n,furniture_rooms,nouns,nouns,rocking chair,68515200,793,rocking chair,rocking chair,n,TRUE
439,make,English (American),WS,make+v,action_words,predicates,verbs,make,68515200,793,make,make,v,TRUE
440,turkey,English (American),WS,turkey+n,animals,nouns,nouns,turkey,68601600,794,turkey,turkey,n,TRUE
441,slipper,English (American),WS,slipper+n,clothing,nouns,nouns,slipper,68688000,795,slipper,slipper,n,TRUE
442,so big!,English (American),WS,so big+other,games_routines,other,other,so big,68688000,795,so big,so big,other,TRUE
443,this little piggy,English (American),WS,this little piggy+other,games_routines,other,other,this little piggy,68688000,795,this little piggy,this little piggy,other,TRUE
444,feed,English (American),WS,feed+v,action_words,predicates,verbs,feed,68688000,795,feed,feed,v,TRUE
445,quiet,English (American),WS,quiet+a,descriptive_words,predicates,adjectives,quiet,68688000,795,quiet,quiet,a,TRUE
446,wake,English (American),WS,wake+v,action_words,predicates,verbs,wake,68774400,796,wake,wake,v,TRUE
447,penny,English (American),WS,penny+n,household,nouns,nouns,penny,68860800,797,penny,penny,n,TRUE
448,beach,English (American),WS,beach+n,places,other,other,beach,68860800,797,beach,beach,n,TRUE
449,friend,English (American),WS,friend+n,people,other,other,friend,68860800,797,friend,friend,n,TRUE
450,under,English (American),WS,under+r,locations,function_words,function_words,under,68860800,797,under,under,r,TRUE
451,oven,English (American),WS,oven+n,furniture_rooms,nouns,nouns,oven,68947200,798,oven,oven,n,TRUE
452,bring,English (American),WS,bring+v,action_words,predicates,verbs,bring,68947200,798,bring,bring,v,TRUE
453,hear,English (American),WS,hear+v,action_words,predicates,verbs,hear,68947200,798,hear,hear,v,TRUE
454,put,English (American),WS,put+v,action_words,predicates,verbs,put,68947200,798,put,put,v,TRUE
455,smile,English (American),WS,smile+v,action_words,predicates,verbs,smile,69033600,799,smile,smile,v,TRUE
456,take,English (American),WS,take+v,action_words,predicates,verbs,take,69033600,799,take,take,v,TRUE
457,morning,English (American),WS,morning+n,time_words,other,other,morning,69033600,799,morning,morning,n,TRUE
458,penguin,English (American),WS,penguin+n,animals,nouns,nouns,penguin,69120000,800,penguin,penguin,n,TRUE
459,white,English (American),WS,white+a,descriptive_words,predicates,adjectives,white,69120000,800,white,white,a,TRUE
460,play dough,English (American),WS,play dough+n,toys,nouns,nouns,play dough,69206400,801,play dough,play dough,n,TRUE
461,backyard,English (American),WS,yard+n,outside,nouns,nouns,yard,69292800,802,yard,yard,n,TRUE
462,brown,English (American),WS,brown+a,descriptive_words,predicates,adjectives,brown,69292800,802,brown,brown,a,TRUE
463,lawn mower,English (American),WS,lawn mower+n,outside,nouns,nouns,lawn mower,69379200,803,lawn mower,lawn mower,n,TRUE
464,lamb,English (American),WS,lamb+n,animals,nouns,nouns,lamb,69465600,804,lamb,lamb,n,TRUE
465,penis (child's word),English (American),WS,penis+n,body_parts,nouns,nouns,penis,69465600,804,penis,penis,n,TRUE
466,write,English (American),WS,write+v,action_words,predicates,verbs,write,69465600,804,write,write,v,TRUE
467,gum,English (American),WS,gum+n,food_drink,nouns,nouns,gum,69552000,805,gum,gum,n,TRUE
468,full,English (American),WS,full+a,descriptive_words,predicates,adjectives,full,69552000,805,full,full,a,TRUE
469,dish,English (American),WS,dish+n,household,nouns,nouns,dish,69638400,806,dish,dish,n,TRUE
470,movie,English (American),WS,movie+n,places,other,other,movie,69638400,806,movie,movie,n,TRUE
471,better,English (American),WS,better+a,descriptive_words,predicates,adjectives,better,69638400,806,better,better,a,TRUE
472,people,English (American),WS,people+n,people,other,other,people,69724800,807,people,people,n,TRUE
473,away,English (American),WS,away+r,locations,function_words,function_words,away,69724800,807,away,away,r,TRUE
474,hose,English (American),WS,hose+n,outside,nouns,nouns,hose,69897600,809,hose,hose,n,TRUE
475,church (child's word),English (American),WS,church+n,places,other,other,church,69897600,809,church,church,n,TRUE
476,clown,English (American),WS,clown+n,people,other,other,clown,69897600,809,clown,clown,n,TRUE
477,build,English (American),WS,build+v,action_words,predicates,verbs,build,69897600,809,build,build,v,TRUE
478,say,English (American),WS,say+v,action_words,predicates,verbs,say,69897600,809,say,say,v,TRUE
479,washing machine,English (American),WS,washing machine+n,furniture_rooms,nouns,nouns,washing machine,69984000,810,washing machine,washing machine,n,TRUE
480,show,English (American),WS,show+v,action_words,predicates,verbs,show,69984000,810,show,show,v,TRUE
481,chalk,English (American),WS,chalk+n,toys,nouns,nouns,chalk,70070400,811,chalk,chalk,n,TRUE
482,a,English (American),WS,a+r,quantifiers,function_words,function_words,a,70070400,811,a,a,r,TRUE
483,ladder,English (American),WS,ladder+n,outside,nouns,nouns,ladder,70156800,812,ladder,ladder,n,TRUE
484,snowman,English (American),WS,snowman+n,outside,nouns,nouns,snowman,70156800,812,snowman,snowman,n,TRUE
485,hurry,English (American),WS,hurry+v,action_words,predicates,verbs,hurry,70156800,812,hurry,hurry,v,TRUE
486,cute,English (American),WS,cute+a,descriptive_words,predicates,adjectives,cute,70156800,812,cute,cute,a,TRUE
487,over,English (American),WS,over+r,locations,function_words,function_words,over,70156800,812,over,over,r,TRUE
488,gloves,English (American),WS,glove+n,clothing,nouns,nouns,gloves,70243200,813,gloves,glove,n,TRUE
489,radio,English (American),WS,radio+n,household,nouns,nouns,radio,70243200,813,radio,radio,n,TRUE
490,brother,English (American),WS,brother+n,people,other,other,brother,70243200,813,brother,brother,n,TRUE
491,windy,English (American),WS,windy+a,descriptive_words,predicates,adjectives,windy,70243200,813,windy,windy,a,TRUE
492,and,English (American),WS,and+r,connecting_words,function_words,function_words,and,70243200,813,and,and,r,TRUE
493,nuts,English (American),WS,nut+n,food_drink,nouns,nouns,nuts,70329600,814,nuts,nut,n,TRUE
494,vitamins,English (American),WS,vitamin+n,food_drink,nouns,nouns,vitamins,70329600,814,vitamins,vitamin,n,TRUE
495,shoulder,English (American),WS,shoulder+n,body_parts,nouns,nouns,shoulder,70329600,814,shoulder,shoulder,n,TRUE
496,sandbox,English (American),WS,sandbox+n,outside,nouns,nouns,sandbox,70329600,814,sandbox,sandbox,n,TRUE
497,sister,English (American),WS,sister+n,people,other,other,sister,70329600,814,sister,sister,n,TRUE
498,shake,English (American),WS,shake+v,action_words,predicates,verbs,shake,70329600,814,shake,shake,v,TRUE
499,lollipop,English (American),WS,lollipop+n,food_drink,nouns,nouns,lollipop,70416000,815,lollipop,lollipop,n,TRUE
500,can (object),English (American),WS,can+n,household,nouns,nouns,can (object),70416000,815,can,can,n,TRUE
501,goose,English (American),WS,goose+n,animals,nouns,nouns,goose,70502400,816,goose,goose,n,TRUE
502,drawer,English (American),WS,drawer+n,furniture_rooms,nouns,nouns,drawer,70502400,816,drawer,drawer,n,TRUE
503,buy,English (American),WS,buy+v,action_words,predicates,verbs,buy,70502400,816,buy,buy,v,TRUE
504,living room,English (American),WS,living room+n,furniture_rooms,nouns,nouns,living room,70675200,818,living room,living room,n,TRUE
505,lick,English (American),WS,lick+v,action_words,predicates,verbs,lick,70675200,818,lick,lick,v,TRUE
506,can (auxiliary),English (American),WS,can+r,helping_verbs,function_words,function_words,can (auxiliary),70761600,819,can,can,r,TRUE
507,yard,English (American),WS,yard+n,places,other,other,yard,70848000,820,yard,yard,n,TRUE
508,green beans,English (American),WS,green beans+n,food_drink,nouns,nouns,green beans,70934400,821,green beans,green beans,n,TRUE
509,sidewalk,English (American),WS,sidewalk+n,outside,nouns,nouns,sidewalk,70934400,821,sidewalk,sidewalk,n,TRUE
510,the,English (American),WS,the+r,quantifiers,function_words,function_words,the,71020800,822,the,the,r,TRUE
511,underpants,English (American),WS,underpants+n,clothing,nouns,nouns,underpants,71107200,823,underpants,underpants,n,TRUE
512,to,English (American),WS,to+r,locations,function_words,function_words,to,71107200,823,to,to,r,TRUE
513,gonna/going to,English (American),WS,gonna+r,helping_verbs,function_words,function_words,gonna,71107200,823,gonna,gonna,r,TRUE
514,jeans,English (American),WS,jean+n,clothing,nouns,nouns,jeans,71193600,824,jeans,jean,n,TRUE
515,later,English (American),WS,later+r,time_words,other,other,later,71193600,824,later,later,r,TRUE
516,hard,English (American),WS,hard+a,descriptive_words,predicates,adjectives,hard,71280000,825,hard,hard,a,TRUE
517,not,English (American),WS,not+r,quantifiers,function_words,function_words,not,71280000,825,not,not,r,TRUE
518,playground,English (American),WS,playground+n,places,other,other,playground,71366400,826,playground,playground,n,TRUE
519,rooster,English (American),WS,rooster+n,animals,nouns,nouns,rooster,71539200,828,rooster,rooster,n,TRUE
520,mittens,English (American),WS,mitten+n,clothing,nouns,nouns,mittens,71712000,830,mittens,mitten,n,TRUE
521,lamp,English (American),WS,lamp+n,household,nouns,nouns,lamp,71712000,830,lamp,lamp,n,TRUE
522,fireman,English (American),WS,firefighter+n,people,other,other,firefighter,71712000,830,firefighter,firefighter,n,TRUE
523,lady,English (American),WS,lady+n,people,other,other,lady,71712000,830,lady,lady,n,TRUE
524,cover,English (American),WS,cover+v,action_words,predicates,verbs,cover (action),71712000,830,cover,cover,v,TRUE
525,why,English (American),WS,why+r,question_words,function_words,function_words,why,71712000,830,why,why,r,TRUE
526,with,English (American),WS,with+r,locations,function_words,function_words,with,71712000,830,with,with,r,TRUE
527,dryer,English (American),WS,dryer+n,furniture_rooms,nouns,nouns,dryer,71798400,831,dryer,dryer,n,TRUE
528,pour,English (American),WS,pour+v,action_words,predicates,verbs,pour,71798400,831,pour,pour,v,TRUE
529,taste,English (American),WS,taste+v,action_words,predicates,verbs,taste,71798400,831,taste,taste,v,TRUE
530,sauce,English (American),WS,sauce+n,food_drink,nouns,nouns,sauce,71884800,832,sauce,sauce,n,TRUE
531,listen,English (American),WS,listen+v,action_words,predicates,verbs,listen,71884800,832,listen,listen,v,TRUE
532,pony,English (American),WS,pony+n,animals,nouns,nouns,pony,72057600,834,pony,pony,n,TRUE
533,farm,English (American),WS,farm+n,places,other,other,farm,72057600,834,farm,farm,n,TRUE
534,chase,English (American),WS,chase+v,action_words,predicates,verbs,chase,72144000,835,chase,chase,v,TRUE
535,new,English (American),WS,new+a,descriptive_words,predicates,adjectives,new,72144000,835,new,new,a,TRUE
536,he,English (American),WS,he+r,pronouns,function_words,function_words,he,72144000,835,he,he,r,TRUE
537,need/need to,English (American),WS,need+v,helping_verbs,function_words,function_words,need,72144000,835,need,need,v,TRUE
538,jello,English (American),WS,jello+n,food_drink,nouns,nouns,jello,72230400,836,jello,jello,n,TRUE
539,melon,English (American),WS,melon+n,food_drink,nouns,nouns,melon,72230400,836,melon,melon,n,TRUE
540,nail,English (American),WS,nail+n,household,nouns,nouns,nail (object),72230400,836,nail,nail,n,TRUE
541,finish,English (American),WS,finish+v,action_words,predicates,verbs,finish,72230400,836,finish,finish,v,TRUE
542,mad,English (American),WS,mad+a,descriptive_words,predicates,adjectives,mad,72316800,837,mad,mad,a,TRUE
543,who,English (American),WS,who+r,question_words,function_words,function_words,who,72316800,837,who,who,r,TRUE
544,did/did ya,English (American),WS,did+r,helping_verbs,function_words,function_words,did,72316800,837,did,did,r,TRUE
545,pick,English (American),WS,pick+v,action_words,predicates,verbs,pick,72403200,838,pick,pick,v,TRUE
546,is,English (American),WS,is+r,helping_verbs,function_words,function_words,is,72489600,839,is,is,r,TRUE
547,gentle,English (American),WS,gentle+a,descriptive_words,predicates,adjectives,gentle,72662400,841,gentle,gentle,a,TRUE
548,another,English (American),WS,another+r,quantifiers,function_words,function_words,another,72662400,841,another,another,r,TRUE
549,noisy,English (American),WS,noisy+a,descriptive_words,predicates,adjectives,noisy,72748800,842,noisy,noisy,a,TRUE
550,teacher,English (American),WS,teacher+n,people,other,other,teacher,72835200,843,teacher,teacher,n,TRUE
551,first,English (American),WS,first+a,descriptive_words,predicates,adjectives,first,72835200,843,first,first,a,TRUE
552,salt,English (American),WS,salt+n,food_drink,nouns,nouns,salt,73008000,845,salt,salt,n,TRUE
553,try/try to,English (American),WS,try+v,helping_verbs,function_words,function_words,try,73094400,846,try,try,v,TRUE
554,gas station,English (American),WS,gas station+n,places,other,other,gas station,73267200,848,gas station,gas station,n,TRUE
555,at,English (American),WS,at+r,locations,function_words,function_words,at,73267200,848,at,at,r,TRUE
556,donkey,English (American),WS,donkey+n,animals,nouns,nouns,donkey,73353600,849,donkey,donkey,n,TRUE
557,mailman,English (American),WS,mailman+n,people,other,other,mailman,73353600,849,mailman,mailman,n,TRUE
558,day,English (American),WS,day+n,time_words,other,other,day,73353600,849,day,day,n,TRUE
559,wolf,English (American),WS,wolf+n,animals,nouns,nouns,wolf,73440000,850,wolf,wolf,n,TRUE
560,picnic,English (American),WS,picnic+n,places,other,other,picnic,73526400,851,picnic,picnic,n,TRUE
561,police,English (American),WS,police+n,people,other,other,police,73526400,851,police,police,n,TRUE
562,coke,English (American),WS,coke+n,food_drink,nouns,nouns,coke,73699200,853,coke,coke,n,TRUE
563,fit,English (American),WS,fit+v,action_words,predicates,verbs,fit,73699200,853,fit,fit,v,TRUE
564,for,English (American),WS,for+r,locations,function_words,function_words,for,73699200,853,for,for,r,TRUE
565,slow,English (American),WS,slow+a,descriptive_words,predicates,adjectives,slow,73785600,854,slow,slow,a,TRUE
566,pudding,English (American),WS,pudding+n,food_drink,nouns,nouns,pudding,73958400,856,pudding,pudding,n,TRUE
567,jar,English (American),WS,jar+n,household,nouns,nouns,jar,74044800,857,jar,jar,n,TRUE
568,garden,English (American),WS,garden+n,outside,nouns,nouns,garden,74044800,857,garden,garden,n,TRUE
569,roof,English (American),WS,roof+n,outside,nouns,nouns,roof,74217600,859,roof,roof,n,TRUE
570,other,English (American),WS,other+r,quantifiers,function_words,function_words,other,74217600,859,other,other,r,TRUE
571,on top of,English (American),WS,on top of+r,locations,function_words,function_words,on top of,74390400,861,on top of,on top of,r,TRUE
572,sprinkler,English (American),WS,sprinkler+n,outside,nouns,nouns,sprinkler,74476800,862,sprinkler,sprinkler,n,TRUE
573,your,English (American),WS,your+r,pronouns,function_words,function_words,your,74476800,862,your,your,r,TRUE
574,today,English (American),WS,today+r,time_words,other,other,today,74563200,863,today,today,r,TRUE
575,she,English (American),WS,she+r,pronouns,function_words,function_words,she,74563200,863,she,she,r,TRUE
576,a lot,English (American),WS,a lot+r,quantifiers,function_words,function_words,a lot,74563200,863,a lot,a lot,r,TRUE
577,tricycle,English (American),WS,tricycle+n,vehicles,nouns,nouns,tricycle,74649600,864,tricycle,tricycle,n,TRUE
578,tomorrow,English (American),WS,tomorrow+r,time_words,other,other,tomorrow,74649600,864,tomorrow,tomorrow,r,TRUE
579,these,English (American),WS,these+r,pronouns,function_words,function_words,these,74649600,864,these,these,r,TRUE
580,behind,English (American),WS,behind+r,locations,function_words,function_words,behind,74649600,864,behind,behind,r,TRUE
581,by,English (American),WS,by+r,locations,function_words,function_words,by,74736000,865,by,by,r,TRUE
582,glue,English (American),WS,glue+n,toys,nouns,nouns,glue,74822400,866,glue,glue,n,TRUE
583,am,English (American),WS,am+r,helping_verbs,function_words,function_words,am,74822400,866,am,am,r,TRUE
584,mop,English (American),WS,mop+n,household,nouns,nouns,mop,74995200,868,mop,mop,n,TRUE
585,hafta/have to,English (American),WS,hafta+r,helping_verbs,function_words,function_words,hafta,75254400,871,hafta,hafta,r,TRUE
586,old,English (American),WS,old+a,descriptive_words,predicates,adjectives,old,75340800,872,old,old,a,TRUE
587,moose,English (American),WS,moose+n,animals,nouns,nouns,moose,75600000,875,moose,moose,n,TRUE
588,after,English (American),WS,after+r,time_words,other,other,after,75600000,875,after,after,r,TRUE
589,beads,English (American),WS,bead+n,clothing,nouns,nouns,beads,75859200,878,beads,bead,n,TRUE
590,her,English (American),WS,her+r,pronouns,function_words,function_words,her,75859200,878,her,her,r,TRUE
591,dump,English (American),WS,dump+v,action_words,predicates,verbs,dump,76032000,880,dump,dump,v,TRUE
592,are,English (American),WS,are+r,helping_verbs,function_words,function_words,are,76032000,880,are,are,r,TRUE
593,long,English (American),WS,long+a,descriptive_words,predicates,adjectives,long,76118400,881,long,long,a,TRUE
594,tear,English (American),WS,tear+v,action_words,predicates,verbs,tear,76204800,882,tear,tear,v,TRUE
595,any,English (American),WS,any+r,quantifiers,function_words,function_words,any,76204800,882,any,any,r,TRUE
596,ankle,English (American),WS,ankle+n,body_parts,nouns,nouns,ankle,76464000,885,ankle,ankle,n,TRUE
597,around,English (American),WS,around+r,locations,function_words,function_words,around,76464000,885,around,around,r,TRUE
598,sneaker,English (American),WS,sneaker+n,clothing,nouns,nouns,sneaker,76636800,887,sneaker,sneaker,n,TRUE
599,him,English (American),WS,him+r,pronouns,function_words,function_words,him,76636800,887,him,him,r,TRUE
600,we,English (American),WS,we+r,pronouns,function_words,function_words,we,76636800,887,we,we,r,TRUE
601,how,English (American),WS,how+r,question_words,function_words,function_words,how,76809600,889,how,how,r,TRUE
602,porch,English (American),WS,porch+n,furniture_rooms,nouns,nouns,porch,76982400,891,porch,porch,n,TRUE
603,hen,English (American),WS,hen+n,animals,nouns,nouns,hen,77241600,894,hen,hen,n,TRUE
604,pretend,English (American),WS,pretend+a,action_words,predicates,verbs,pretend,77328000,895,pretend,pretend,a,TRUE
605,think,English (American),WS,think+v,action_words,predicates,verbs,think,77414400,896,think,think,v,TRUE
606,sled,English (American),WS,sled+n,vehicles,nouns,nouns,sled,77500800,897,sled,sled,n,TRUE
607,those,English (American),WS,those+r,pronouns,function_words,function_words,those,77500800,897,those,those,r,TRUE
608,his,English (American),WS,his+r,pronouns,function_words,function_words,his,77587200,898,his,his,r,TRUE
609,fine,English (American),WS,fine+a,descriptive_words,predicates,adjectives,fine,77846400,901,fine,fine,a,TRUE
610,myself,English (American),WS,myself+r,pronouns,function_words,function_words,myself,77846400,901,myself,myself,r,TRUE
611,skate,English (American),WS,skate+v,action_words,predicates,verbs,skate,77932800,902,skate,skate,v,TRUE
612,tiny,English (American),WS,tiny+a,descriptive_words,predicates,adjectives,tiny,77932800,902,tiny,tiny,a,TRUE
613,because,English (American),WS,because+r,connecting_words,function_words,function_words,because,78019200,903,because,because,r,TRUE
614,tuna,English (American),WS,tuna+n,food_drink,nouns,nouns,tuna,78105600,904,tuna,tuna,n,TRUE
615,cowboy,English (American),WS,cowboy+n,people,other,other,cowboy,78105600,904,cowboy,cowboy,n,TRUE
616,sofa,English (American),WS,sofa+n,furniture_rooms,nouns,nouns,sofa,78192000,905,sofa,sofa,n,TRUE
617,will,English (American),WS,will+r,helping_verbs,function_words,function_words,will,78278400,906,will,will,r,TRUE
618,bench,English (American),WS,bench+n,furniture_rooms,nouns,nouns,bench,78364800,907,bench,bench,n,TRUE
619,be,English (American),WS,be+r,helping_verbs,function_words,function_words,be,78451200,908,be,be,r,TRUE
620,rip,English (American),WS,rip+v,action_words,predicates,verbs,rip,78537600,909,rip,rip,v,TRUE
621,stone,English (American),WS,stone+n,outside,nouns,nouns,stone,78624000,910,stone,stone,n,TRUE
622,tonight,English (American),WS,tonight+other,time_words,other,other,tonight,78710400,911,tonight,tonight,other,TRUE
623,they,English (American),WS,they+r,pronouns,function_words,function_words,they,78796800,912,they,they,r,TRUE
624,gotta/got to,English (American),WS,gotta+r,helping_verbs,function_words,function_words,gotta,78796800,912,gotta,gotta,r,TRUE
625,time,English (American),WS,time+n,time_words,other,other,time,78883200,913,time,time,n,TRUE
626,next to,English (American),WS,next to+r,locations,function_words,function_words,next to,78883200,913,next to,next to,r,TRUE
627,same,English (American),WS,same+r,quantifiers,function_words,function_words,same,78883200,913,same,same,r,TRUE
628,circus,English (American),WS,circus+n,places,other,other,circus,78969600,914,circus,circus,n,TRUE
629,play pen,English (American),WG,play pen+n,furniture_rooms,nouns,nouns,play pen,78969600,914,play pen,play pen,n,TRUE
630,babysitter,English (American),WG,babysitter+n,people,other,other,babysitter,78969600,914,babysitter,babysitter,n,TRUE
631,child,English (American),WG,child+n,people,other,other,child,78969600,914,child,child,n,TRUE
632,person,English (American),WG,person+n,people,other,other,person,78969600,914,person,person,n,TRUE
633,naughty,English (American),WG,naughty+a,descriptive_words,predicates,adjectives,naughty,78969600,914,naughty,naughty,a,TRUE
634,when,English (American),WG,when+r,question_words,function_words,function_words,when (question),78969600,914,when,when,r,TRUE
635,in,English (American),WG,in+r,locations,function_words,function_words,in,78969600,914,in,in,r,TRUE
636,inside,English (American),WG,inside+r,locations,function_words,function_words,inside,78969600,914,inside,inside,r,TRUE
637,none,English (American),WG,none+r,quantifiers,function_words,function_words,none,78969600,914,none,none,r,TRUE
NA,stick,NA,NA,stick+v,NA,NA,verbs,stick (action),NA,NA,stick,stick,v,FALSE
NA,kiss,NA,NA,kiss+n,NA,NA,nouns,kiss (noun),NA,NA,kiss,kiss,n,FALSE
NA,first,NA,NA,first+r,NA,NA,NA,first (pred),NA,NA,first,first,r,FALSE
NA,same,NA,NA,same+a,NA,NA,NA,same (adj),NA,NA,same,same,a,FALSE
NA,sleep,NA,NA,sleep+n,NA,NA,NA,sleep (noun),NA,NA,sleep,sleep,n,FALSE
NA,hurt,NA,NA,hurt+v,NA,NA,NA,hurt (verb),NA,NA,hurt,hurt,v,FALSE
,paint,,,paint+n,,,,paint (object),,,paint,paint,n,FALSE
,walk,,,walk+n,,,,walk (event),,,walk,walk,n,FALSE
,drive,,,drive+n,,,,drive (event),,,drive,drive,n,FALSE