word,wordcount,frequency_word,mlu_word,solo_word,final_word,initial_word,charactercount,language,totalcount,stem,uni_lemma,nb_realisations_lemma,words_lemma,sum_wordcount_lemma,mean_character_count_lemma,frequency,MLU,solo_frequency,final_frequency,initial_frequency
nu,3672,3672,6.778322440087146,33,763,1521,2,Swedish,387670,nu,now,1,nu,3672,2,3672,6.778322440087146,33,763,1521
får,770,770,8.103896103896103,2,41,169,3,Swedish,387670,får,sheep,2,"får, fåren",771,4,771,5.5519480519480515,2,42,169
se,1219,1219,7.77194421657096,5,277,75,2,Swedish,387670,se,see,1,se,1219,2,1219,7.77194421657096,5,277,75
inte,4386,4386,7.080711354309165,62,650,322,4,Swedish,387670,int,not (routine),3,"inte, inten, int",4393,4,4393,4.91579267365861,62,653,324
inte,4386,4386,7.080711354309165,62,650,322,4,Swedish,387670,int,not,3,"inte, inten, int",4393,4,4393,4.91579267365861,62,653,324
ta,1107,1107,7.373080397470641,2,57,151,2,Swedish,387670,ta,take,1,ta,1107,2,1107,7.373080397470641,2,57,151
du,16768,16768,6.894322519083969,62,2318,1674,2,Swedish,387670,du,you,3,"du, din, dina",17285,3,17285,6.927837917044115,63,2360,1706
bit,135,135,8.177777777777777,NA,24,3,3,Swedish,387670,bit,bite,6,"bit, bitar, biten, bita, bitarna, biter",193,4.833333333333333,193,7.4237670825906115,1,40,4
ja,10773,10773,5.625638169497819,1224,2820,4037,2,Swedish,387670,ja,yes,1,ja,10773,2,10773,5.625638169497819,1224,2820,4037
den,8461,8461,6.820824961588465,75,1690,1274,3,Swedish,387670,den,that,1,den,8461,3,8461,6.820824961588465,75,1690,1274
där,7340,7340,6.506267029972752,135,2503,1315,3,Swedish,387670,där,there,2,"där, dära",7341,3.5,7341,7.753133514986375,135,2503,1315
farmor,26,26,7.461538461538462,1,4,4,6,Swedish,387670,farm,grandma,5,"farmor, farmors, farm, mormor, mormors",66,6,66,5.974660633484163,3,12,11
farmors,1,1,4,NA,NA,NA,7,Swedish,387670,farmor,grandma,5,"farmor, farmors, farm, mormor, mormors",66,6,66,5.974660633484163,3,12,11
sockar,4,4,3.5,NA,3,NA,6,Swedish,387670,sock,sock,3,"sockar, socker, socka",51,5.666666666666667,51,6.673913043478261,6,19,3
några,20,20,8.1,NA,NA,1,5,Swedish,387670,någr,some,1,några,20,5,20,8.1,0,0,1
pappa,894,894,6.859060402684563,9,202,123,5,Swedish,387670,papp,daddy,4,"pappa, papper, pappas, papp",971,5.25,971,6.569229386385427,10,221,124
pappa,894,894,6.859060402684563,9,202,123,5,Swedish,387670,papp,paper,4,"pappa, papper, pappas, papp",971,5.25,971,6.569229386385427,10,221,124
på,5020,5020,8.210557768924303,5,304,210,2,Swedish,387670,på,on,1,på,5020,2,5020,8.210557768924303,5,304,210
farfar,10,10,7.7,NA,2,2,6,Swedish,387670,farf,grandpa,3,"farfar, morfar, morf",15,5.333333333333333,15,8.511111111111111,0,3,2
hästar,6,6,7.5,NA,3,NA,6,Swedish,387670,häst,horse,5,"hästar, hästarna, hästen, häst, hästens",278,6.2,278,7.741134543676264,5,133,5
gråta,2,2,7.5,NA,NA,NA,5,Swedish,387670,gråt,cry,2,"gråta, gråter",3,5.5,3,11.75,0,0,0
hästarna,7,7,10.142857142857142,NA,3,NA,8,Swedish,387670,häst,horse,5,"hästar, hästarna, hästen, häst, hästens",278,6.2,278,7.741134543676264,5,133,5
hästen,57,57,5.947368421052632,3,23,3,6,Swedish,387670,häst,horse,5,"hästar, hästarna, hästen, häst, hästens",278,6.2,278,7.741134543676264,5,133,5
häst,205,205,6.4487804878048784,2,104,2,4,Swedish,387670,häst,horse,5,"hästar, hästarna, hästen, häst, hästens",278,6.2,278,7.741134543676264,5,133,5
ingen,49,49,6.8979591836734695,NA,3,4,5,Swedish,387670,ing,none,5,"ingen, inga, inge, inger, ing",81,4.2,81,6.020315818635146,1,7,6
fåren,1,1,3,NA,1,NA,5,Swedish,387670,får,sheep,2,"får, fåren",771,4,771,5.5519480519480515,2,42,169
heja,4,4,6.25,NA,1,NA,4,Swedish,387670,hej,hi,2,"heja, hej",378,3.5,378,4.754679144385027,57,104,179
titta,1743,1743,5.627079747561675,154,162,668,5,Swedish,387670,titt,look,6,"titta, tittar, titte, titt, tittat, tittade",1787,5.5,1787,7.600301821726229,155,166,671
näsa,57,57,5.649122807017544,2,36,3,4,Swedish,387670,näs,nose,2,"näsa, näs",59,3.5,59,8.824561403508772,2,36,3
slut,189,189,4.809523809523809,4,131,1,4,Swedish,387670,slut,stop,5,"slut, slutat, stanna, sluta, stannar",251,5.6,251,7.1495670995671,5,140,12
i,4090,4090,8.35843520782396,5,229,219,1,Swedish,387670,i,in,1,i,4090,1,4090,8.35843520782396,5,229,219
magen,24,24,8.666666666666666,NA,14,NA,5,Swedish,387670,mag,tummy,2,"magen, mage",56,4.5,56,7.864583333333333,0,32,0
mer,570,570,6.824561403508772,4,169,9,3,Swedish,387670,mer,more,2,"mer, mera",601,3.5,601,5.847764572722128,9,176,16
kaffe,119,119,6.663865546218488,6,64,3,5,Swedish,387670,kaff,coffee,1,kaffe,119,5,119,6.663865546218488,6,64,3
äta,511,511,7.63013698630137,1,78,12,3,Swedish,387670,äta,eat,1,äta,511,3,511,7.63013698630137,1,78,12
kaka,74,74,6.135135135135135,2,51,NA,4,Swedish,387670,kak,cookie,3,"kaka, kak, kakor",83,4,83,5.156156156156156,2,59,0
lit,6,6,7.833333333333333,NA,2,NA,3,Swedish,387670,lit,little (description),3,"lit, lite, liten",1799,4,1799,7.816909445961815,6,236,70
ute,340,340,8.564705882352941,3,88,12,3,Swedish,387670,ute,outside,1,ute,340,3,340,8.564705882352941,3,88,12
hej,374,374,3.2593582887700534,57,103,179,3,Swedish,387670,hej,hi,2,"heja, hej",378,3.5,378,4.754679144385027,57,104,179
visa,135,135,7.940740740740741,NA,8,16,4,Swedish,387670,vis,show,4,"visa, vis, visade, visar",144,4.5,144,7.318518518518518,0,8,20
kanin,59,59,6.694915254237288,2,35,NA,5,Swedish,387670,kanin,bunny,5,"kanin, kaniner, kaninen, kaninerna, kaninens",102,7.2,102,6.746000594707107,3,58,2
han,5302,5302,6.5281026027913995,9,541,1142,3,Swedish,387670,han,his,2,"han, hans",5312,3.5,5312,7.5140513013957,9,542,1142
av,468,468,8.286324786324787,NA,80,7,2,Swedish,387670,av,of,1,av,468,2,468,8.286324786324787,0,80,7
mamma,903,903,7.039867109634551,5,179,109,5,Swedish,387670,mamm,mommy,3,"mamma, mammas, mamm",928,5,928,5.679955703211517,7,180,110
bord,21,21,6.666666666666667,3,9,NA,4,Swedish,387670,bord,table,2,"bord, borde",22,4.5,22,5.833333333333334,3,9,0
man,2533,2533,8.39755230951441,1,98,251,3,Swedish,387670,man,man,1,man,2533,3,2533,8.39755230951441,1,98,251
bok,126,126,6.666666666666667,NA,63,NA,3,Swedish,387670,bok,book,2,"bok, boken",153,4,153,7.37037037037037,0,78,0
skål,18,18,6.611111111111111,4,6,NA,4,Swedish,387670,skål,bowl,3,"skål, skålen, skåla",22,5,22,5.7592592592592595,4,8,0
mat,296,296,7.476351351351352,6,131,9,3,Swedish,387670,mat,feed,4,"mat, mata, maten, mats",342,4,342,6.443595227000399,6,139,9
mat,296,296,7.476351351351352,6,131,9,3,Swedish,387670,mat,food,4,"mat, mata, maten, mats",342,4,342,6.443595227000399,6,139,9
tröja,40,40,7.45,1,17,NA,5,Swedish,387670,tröj,sweater,1,tröja,40,5,40,7.45,1,17,0
läsa,218,218,6.86697247706422,1,32,3,4,Swedish,387670,läs,read,3,"läsa, läs, läser",223,4,223,6.066768603465851,1,33,4
din,490,490,6.963265306122449,1,42,31,3,Swedish,387670,din,you,3,"du, din, dina",17285,3,17285,6.927837917044115,63,2360,1706
säng,65,65,7.476923076923077,1,38,1,4,Swedish,387670,säng,bed,2,"säng, sängen",78,5,78,7.892307692307693,1,46,1
stol,74,74,7.864864864864865,NA,36,NA,4,Swedish,387670,stol,chair,3,"stol, stolen, stolarna",120,6,120,7.095695695695696,0,64,1
sen,732,732,8.453551912568306,2,280,83,3,Swedish,387670,sen,later,1,sen,732,3,732,8.453551912568306,2,280,83
pyjamas,13,13,6.6923076923076925,NA,8,NA,7,Swedish,387670,pyjam,pajamas,2,"pyjamas, pyjamasen",16,8,16,8.679487179487179,0,9,0
gå,605,605,8.520661157024794,NA,45,24,2,Swedish,387670,gå,walk,1,gå,605,2,605,8.520661157024794,0,45,24
dricka,150,150,6.366666666666666,2,38,4,6,Swedish,387670,drick,drink (action),3,"dricka, dricker, drick",172,6,172,5.741269841269841,2,42,13
borta,288,288,6.305555555555555,12,164,1,5,Swedish,387670,bort,all gone,2,"borta, bort",536,4.5,536,7.237455197132617,13,211,6
borta,288,288,6.305555555555555,12,164,1,5,Swedish,387670,bort,away,2,"borta, bort",536,4.5,536,7.237455197132617,13,211,6
var,1397,1397,5.534717251252684,16,7,833,3,Swedish,387670,var,where (question),3,"var, vara, vare",1772,3.6666666666666665,1772,6.40640307662077,16,86,834
uppe,233,233,7.605150214592275,NA,81,7,4,Swedish,387670,upp,up,3,"uppe, upp, uppa",1228,3.6666666666666665,1228,7.5623798206347015,1,201,32
blåsa,36,36,6.027777777777778,NA,9,NA,5,Swedish,387670,blås,blow,3,"blåsa, blåser, blås",41,5,41,6.092592592592593,0,10,1
uggla,33,33,5.151515151515151,1,23,NA,5,Swedish,387670,uggl,owl,3,"uggla, ugglerna, ugglas",35,6.333333333333333,35,10.383838383838384,1,23,0
mus,27,27,4.962962962962963,1,17,NA,3,Swedish,387670,mus,mouse,2,"mus, musen",39,4,39,5.023148148148148,2,25,0
nalle,109,109,6.238532110091743,2,44,5,5,Swedish,387670,nall,teddybear,2,"nalle, nallen",112,5.5,112,5.285932721712538,2,45,5
björn,49,49,9.224489795918368,NA,29,NA,5,Swedish,387670,björn,bear,4,"björn, björnen, björnens, björne",60,6.5,60,6.502551020408164,0,33,1
låda,27,27,7.7407407407407405,1,9,NA,4,Swedish,387670,låd,box,1,låda,27,4,27,7.7407407407407405,1,9,0
låda,27,27,7.7407407407407405,1,9,NA,4,Swedish,387670,låd,drawer,1,låda,27,4,27,7.7407407407407405,1,9,0
fågel,51,51,5.411764705882353,3,31,2,5,Swedish,387670,fågel,bird,1,fågel,51,5,51,5.411764705882353,3,31,2
ge,116,116,8.051724137931034,1,2,15,2,Swedish,387670,ge,give,1,ge,116,2,116,8.051724137931034,1,2,15
flicka,104,104,7.221153846153846,1,51,1,6,Swedish,387670,flick,girl,4,"flicka, flickorna, flickor, flick",107,6.75,107,6.055288461538462,1,52,1
tåg,69,69,6.144927536231884,2,28,4,3,Swedish,387670,tåg,train,1,tåg,69,3,69,6.144927536231884,2,28,4
god,92,92,4.478260869565218,NA,65,7,3,Swedish,387670,god,good,3,"god, godast, goda",94,4.333333333333333,94,4.159420289855072,0,66,7
upp,992,992,8.415322580645162,1,119,25,3,Swedish,387670,upp,up,3,"uppe, upp, uppa",1228,3.6666666666666665,1228,7.5623798206347015,1,201,32
stor,294,294,7.761904761904762,2,68,11,4,Swedish,387670,stor,big,2,"stor, stora",329,4.5,329,7.938095238095238,2,70,15
sked,52,52,6.6923076923076925,2,25,1,4,Swedish,387670,sked,spoon,2,"sked, skeden",66,5,66,7.667582417582418,2,35,1
när,1417,1417,10.70289343683839,2,4,252,3,Swedish,387670,när,when (question),3,"när, nära, närheten",1428,5,1428,8.767631145612796,2,5,253
mjölk,142,142,6.21830985915493,2,64,10,5,Swedish,387670,mjölk,milk,3,"mjölk, mjölken, mjölka",149,6,149,4.906103286384977,2,67,10
bröd,19,19,7.315789473684211,2,9,1,4,Swedish,387670,bröd,bread,1,bröd,19,4,19,7.315789473684211,2,9,1
varför,149,149,5.624161073825503,4,NA,113,6,Swedish,387670,varför,why,1,varför,149,6,149,5.624161073825503,4,0,113
lite,1604,1604,7.538029925187033,6,217,70,4,Swedish,387670,lit,little (description),3,"lit, lite, liten",1799,4,1799,7.816909445961815,6,236,70
vem,1113,1113,5.530098831985624,11,3,772,3,Swedish,387670,vem,who,2,"vem, vems",1119,3.5,1119,5.681716082659479,11,3,776
ut,944,944,8.373940677966102,NA,244,3,2,Swedish,387670,ut,out,1,ut,944,2,944,8.373940677966102,0,244,3
soffa,10,10,6.6,NA,8,NA,5,Swedish,387670,soff,couch,1,soffa,10,5,10,6.6,0,8,0
tack,377,377,3.013262599469496,93,171,76,4,Swedish,387670,tack,thank you,3,"tack, tacka, tackar",381,5,381,3.559976422045388,94,171,78
leka,166,166,8.240963855421686,1,17,2,4,Swedish,387670,lek,play,4,"leka, leker, lek, leks",191,4,191,8.035240963855422,1,24,4
vänta,208,208,5.336538461538462,36,25,77,5,Swedish,387670,vänt,wait,4,"vänta, vänt, väntar, väntade",216,5.5,216,7.4341346153846155,36,26,78
hjälpa,171,171,6.988304093567251,NA,8,2,6,Swedish,387670,hjälp,help,5,"hjälpa, hjälpas, hjälp, hjälper, hjälps",206,6.2,206,7.866891587944219,6,10,14
sätta,411,411,8.29683698296837,1,3,22,5,Swedish,387670,sätt,put,4,"sätta, sätt, sätter, sätts",597,5,597,7.455856102169994,3,11,107
farm,4,4,7.5,1,NA,1,4,Swedish,387670,farm,grandma,5,"farmor, farmors, farm, mormor, mormors",66,6,66,5.974660633484163,3,12,11
bort,248,248,8.169354838709678,1,47,5,4,Swedish,387670,bort,all gone,2,"borta, bort",536,4.5,536,7.237455197132617,13,211,6
bort,248,248,8.169354838709678,1,47,5,4,Swedish,387670,bort,away,2,"borta, bort",536,4.5,536,7.237455197132617,13,211,6
traktor,136,136,6.698529411764706,5,76,NA,7,Swedish,387670,trakt,tractor,1,traktor,136,7,136,6.698529411764706,5,76,0
giraffen,5,5,5,NA,5,NA,8,Swedish,387670,giraff,giraffe,2,"giraffen, giraff",21,7,21,4.84375,2,14,1
sätt,139,139,6.330935251798561,2,7,81,4,Swedish,387670,sätt,put,4,"sätta, sätt, sätter, sätts",597,5,597,7.455856102169994,3,11,107
inga,17,17,6.588235294117647,1,NA,NA,4,Swedish,387670,ing,none,5,"ingen, inga, inge, inger, ing",81,4.2,81,6.020315818635146,1,7,6
djuren,16,16,9.875,NA,2,NA,6,Swedish,387670,djur,animal,2,"djuren, djur",220,5,220,8.709558823529411,0,97,0
hämta,197,197,7.33502538071066,NA,15,13,5,Swedish,387670,hämt,get,4,"hämta, hämt, hämtar, hämtat",214,5.25,214,6.476613488034808,0,16,13
djur,204,204,7.544117647058823,NA,95,NA,4,Swedish,387670,djur,animal,2,"djuren, djur",220,5,220,8.709558823529411,0,97,0
kuckeliku,7,7,2.142857142857143,3,2,1,9,Swedish,387670,kuckeliku,cockadoodledoo,1,kuckeliku,7,9,7,2.142857142857143,3,2,1
hur,624,624,6.4743589743589745,NA,72,363,3,Swedish,387670,hur,how,1,hur,624,3,624,6.4743589743589745,0,72,363
grisen,62,62,5,2,29,3,6,Swedish,387670,gris,pig,6,"grisen, gris, grisar, grisarna, grisens, grisig",142,6.166666666666667,142,6.86871921182266,6,62,6
bitar,17,17,7.294117647058823,NA,5,NA,5,Swedish,387670,bit,bite,6,"bit, bitar, biten, bita, bitarna, biter",193,4.833333333333333,193,7.4237670825906115,1,40,4
barn,98,98,8.33673469387755,NA,41,1,4,Swedish,387670,barn,child,2,"barn, barnen",102,5,102,8.543367346938776,1,41,1
jag,353,353,8.209631728045325,NA,29,102,3,Swedish,387670,jag,i,4,"jag, jagade, jagar, jaga",358,4.5,358,6.135741265344665,0,29,104
vara,374,374,7.684491978609626,NA,79,1,4,Swedish,387670,var,where (question),3,"var, vara, vare",1772,3.6666666666666665,1772,6.40640307662077,16,86,834
all,24,24,8.25,NA,NA,1,3,Swedish,387670,all,all,3,"all, alla, alls",179,3.6666666666666665,179,7.909619731418695,0,29,13
kaniner,3,3,5.666666666666667,NA,2,NA,7,Swedish,387670,kanin,bunny,5,"kanin, kaniner, kaninen, kaninerna, kaninens",102,7.2,102,6.746000594707107,3,58,2
hjälpas,2,2,7,NA,NA,NA,7,Swedish,387670,hjälp,help,5,"hjälpa, hjälpas, hjälp, hjälper, hjälps",206,6.2,206,7.866891587944219,6,10,14
regnar,5,5,6.4,NA,2,NA,6,Swedish,387670,regn,rain,3,"regnar, regn, regna",17,5,17,7.761904761904762,2,6,0
hoppas,4,4,11.75,NA,NA,NA,6,Swedish,387670,hopp,jump,8,"hoppas, hoppa, hopp, hoppe, hoppar, hoppade, hoppat, hopps",190,5.5,190,6.209027777777778,31,65,17
cykel,42,42,5.904761904761905,2,20,2,5,Swedish,387670,cykel,bicycle,1,cykel,42,5,42,5.904761904761905,2,20,2
tittar,31,31,7.258064516129032,NA,3,3,6,Swedish,387670,titt,look,6,"titta, tittar, titte, titt, tittat, tittade",1787,5.5,1787,7.600301821726229,155,166,671
fast,266,266,7.868421052631579,1,23,112,4,Swedish,387670,fast,aunt,4,"fast, tant, tanten, faster",280,5,280,10.342105263157894,1,28,112
andra,100,100,7.69,NA,11,10,5,Swedish,387670,andr,other,2,"andra, andre",101,5,101,5.845000000000001,0,11,11
liten,189,189,8.079365079365079,NA,17,NA,5,Swedish,387670,lit,little (description),3,"lit, lite, liten",1799,4,1799,7.816909445961815,6,236,70
farbror,2,2,5.5,NA,2,NA,7,Swedish,387670,farbr,uncle,1,farbror,2,7,2,5.5,0,2,0
katten,47,47,5.127659574468085,1,21,2,6,Swedish,387670,katt,cat,5,"katten, katt, kattens, katta, katterna",190,6,190,7.200122972690782,2,102,5
ner,527,527,8.335863377609108,3,155,2,3,Swedish,387670,ner,down,2,"ner, nere",640,3.5,640,8.278551157831103,3,195,5
mormor,34,34,6.911764705882353,1,8,6,6,Swedish,387670,morm,grandma,5,"farmor, farmors, farm, mormor, mormors",66,6,66,5.974660633484163,3,12,11
dricker,8,8,5.5,NA,1,2,7,Swedish,387670,drick,drink (action),3,"dricka, dricker, drick",172,6,172,5.741269841269841,2,42,13
vatten,177,177,7.435028248587571,7,64,1,6,Swedish,387670,vatt,water (beverage),1,vatten,177,6,177,7.435028248587571,7,64,1
vatten,177,177,7.435028248587571,7,64,1,6,Swedish,387670,vatt,water (not beverage),1,vatten,177,6,177,7.435028248587571,7,64,1
det,909,909,7.528052805280528,NA,166,159,3,Swedish,387670,det,it,1,det,909,3,909,7.528052805280528,0,166,159
glasögon,6,6,4.833333333333333,NA,5,NA,8,Swedish,387670,glasögon,glasses,3,"glasögon, glasögona, glasögonen",8,9,8,3.944444444444444,0,6,0
glasögona,1,1,4,NA,1,NA,9,Swedish,387670,glasögon,glasses,3,"glasögon, glasögona, glasögonen",8,9,8,3.944444444444444,0,6,0
hår,88,88,6.738636363636363,3,39,1,3,Swedish,387670,hår,hair,1,hår,88,3,88,6.738636363636363,3,39,1
åka,659,659,7.690440060698028,NA,67,12,3,Swedish,387670,åka,go,1,åka,659,3,659,7.690440060698028,0,67,12
öra,30,30,5.9,3,13,3,3,Swedish,387670,öra,ear,1,öra,30,3,30,5.9,3,13,3
imorgon,2,2,13,NA,2,NA,7,Swedish,387670,imorgon,tomorrow,1,imorgon,2,7,2,13,0,2,0
fina,15,15,6.733333333333333,NA,1,NA,4,Swedish,387670,fin,fine,2,"fina, fin",262,3.5,262,6.4273954116059375,1,80,9
vad,385,385,6.249350649350649,NA,6,217,3,Swedish,387670,vad,what,2,"vad, vader",386,4,386,6.124675324675325,0,6,217
pannkakor,1,1,2,NA,1,NA,9,Swedish,387670,pannkak,pancake,2,"pannkakor, pannkaker",2,9,2,7,0,2,0
mage,32,32,7.0625,NA,18,NA,4,Swedish,387670,mag,tummy,2,"magen, mage",56,4.5,56,7.864583333333333,0,32,0
lampa,36,36,7.5,4,12,NA,5,Swedish,387670,lamp,lamp,3,"lampa, lampor, lamper",39,5.666666666666667,39,8.5,4,13,0
köra,382,382,7.662303664921466,3,60,6,4,Swedish,387670,kör,drive,2,"köra, kör",742,3.5,742,7.188096276905178,3,104,64
alla,109,109,7.761467889908257,NA,9,12,4,Swedish,387670,all,all,3,"all, alla, alls",179,3.6666666666666665,179,7.909619731418695,0,29,13
elefanten,20,20,5.1,3,7,3,9,Swedish,387670,elefant,elephant,2,"elefanten, elefant",69,8,69,5.264285714285714,8,32,9
le,8,8,7.5,NA,3,1,2,Swedish,387670,le,smile,1,le,8,2,8,7.5,0,3,1
mun,43,43,5.8604651162790695,3,29,3,3,Swedish,387670,mun,mouth,1,mun,43,3,43,5.8604651162790695,3,29,3
godis,121,121,6.933884297520661,3,50,4,5,Swedish,387670,godis,candy,1,godis,121,5,121,6.933884297520661,3,50,4
under,135,135,8,NA,22,13,5,Swedish,387670,und,under,2,"under, unda",136,4.5,136,7.5,0,22,14
lejon,30,30,6.3,2,15,1,5,Swedish,387670,lejon,lion,2,"lejon, lejonen",31,6,31,6.15,2,16,1
pojkar,6,6,5.833333333333333,NA,2,1,6,Swedish,387670,pojk,boy,6,"pojkar, pojkens, pojken, pojke, pojk, pojkarna",134,6,134,5.809523809523809,3,49,2
städa,26,26,5.653846153846154,NA,8,3,5,Swedish,387670,städ,clean (action),1,städa,26,5,26,5.653846153846154,0,8,3
borsten,6,6,5,NA,3,NA,7,Swedish,387670,borst,broom,6,"borsten, borsta, borstar, borstat, borste, borstas",88,6.666666666666667,88,6.286274509803921,1,7,6
trevlig,1,1,2,NA,NA,1,7,Swedish,387670,trev,nice,1,trevlig,1,7,1,2,0,0,1
hungriga,2,2,5.5,NA,2,NA,8,Swedish,387670,hungr,hungry,2,"hungriga, hungrig",8,7.5,8,5.583333333333334,0,5,0
törstiga,1,1,5,NA,NA,1,8,Swedish,387670,törst,thirsty,2,"törstiga, törstig",19,7.5,19,4.777777777777778,0,17,1
armen,16,16,7.0625,NA,9,NA,5,Swedish,387670,arm,arm,4,"armen, arm, armarna, armar",37,5,37,8.419471153846153,1,18,0
dina,27,27,6.925925925925926,NA,NA,1,4,Swedish,387670,din,you,3,"du, din, dina",17285,3,17285,6.927837917044115,63,2360,1706
sjunger,5,5,6.2,NA,1,2,7,Swedish,387670,sjung,sing,3,"sjunger, sjung, sjunga",87,6,87,5.583549783549784,0,19,8
sjung,5,5,4.2,NA,NA,1,5,Swedish,387670,sjung,sing,3,"sjunger, sjung, sjunga",87,6,87,5.583549783549784,0,19,8
fort,77,77,6.025974025974026,NA,41,5,4,Swedish,387670,fort,fast,1,fort,77,4,77,6.025974025974026,0,41,5
kallades,1,1,9,NA,NA,NA,8,Swedish,387670,kall,cold,6,"kallades, kalle, kall, kallas, kallade, kalla",98,5.833333333333333,98,8.484834834834835,2,13,14
hemma,178,178,8.50561797752809,1,65,6,5,Swedish,387670,hemm,home,1,hemma,178,5,178,8.50561797752809,1,65,6
lampor,2,2,13,NA,NA,NA,6,Swedish,387670,lamp,lamp,3,"lampa, lampor, lamper",39,5.666666666666667,39,8.5,4,13,0
slutat,3,3,6,NA,1,NA,6,Swedish,387670,slut,stop,5,"slut, slutat, stanna, sluta, stannar",251,5.6,251,7.1495670995671,5,140,12
bil,407,407,6.378378378378378,7,248,3,3,Swedish,387670,bil,car,4,"bil, bilen, bilar, bilarna",480,5,480,7.8202719344960725,9,279,4
giraff,16,16,4.6875,2,9,1,6,Swedish,387670,giraff,giraffe,2,"giraffen, giraff",21,7,21,4.84375,2,14,1
elefant,49,49,5.428571428571429,5,25,6,7,Swedish,387670,elefant,elephant,2,"elefanten, elefant",69,8,69,5.264285714285714,8,32,9
öppna,140,140,7.457142857142857,NA,12,11,5,Swedish,387670,öppn,open (action),2,"öppna, öppnar",147,5.5,147,8.085714285714285,0,13,11
gris,58,58,6.155172413793103,4,24,2,4,Swedish,387670,gris,pig,6,"grisen, gris, grisar, grisarna, grisens, grisig",142,6.166666666666667,142,6.86871921182266,6,62,6
sova,107,107,6.91588785046729,NA,36,1,4,Swedish,387670,sov,asleep,3,"sova, sov, sover",139,4,139,6.444184839044652,0,49,8
sova,107,107,6.91588785046729,NA,36,1,4,Swedish,387670,sov,sleep,3,"sova, sov, sover",139,4,139,6.444184839044652,0,49,8
hund,133,133,6.030075187969925,2,82,NA,4,Swedish,387670,hund,dog,2,"hund, hunden",162,5,162,6.670210007778066,3,90,4
tvätta,96,96,7.677083333333333,NA,7,4,6,Swedish,387670,tvätt,wash,7,"tvätta, tvättar, tvättat, tvättade, tvätten, tvätt, tvättas",109,6.714285714285714,109,7.072916666666667,0,9,4
bilen,58,58,7.724137931034483,1,27,1,5,Swedish,387670,bil,car,4,"bil, bilen, bilar, bilarna",480,5,480,7.8202719344960725,9,279,4
idag,21,21,6.142857142857143,2,13,NA,4,Swedish,387670,idag,today,1,idag,21,4,21,6.142857142857143,2,13,0
smörgås,9,9,5.111111111111111,NA,6,1,7,Swedish,387670,smörgås,sandwich,2,"smörgås, smörgåsar",10,8,10,5.055555555555555,0,7,1
stanna,44,44,8.295454545454545,1,7,5,6,Swedish,387670,stann,stop,5,"slut, slutat, stanna, sluta, stannar",251,5.6,251,7.1495670995671,5,140,12
dörrarna,1,1,2,NA,NA,1,8,Swedish,387670,dörr,door,3,"dörrarna, dörr, dörren",32,6,32,4.799719887955182,0,17,1
stängdes,1,1,2,NA,1,NA,8,Swedish,387670,stäng,close,7,"stängdes, stänga, stäng, stängde, stängd, stänger, stängt",90,6.428571428571429,90,5.329081632653061,4,17,9
stora,35,35,8.114285714285714,NA,2,4,5,Swedish,387670,stor,big,2,"stor, stora",329,4.5,329,7.938095238095238,2,70,15
leker,20,20,8.15,NA,5,2,5,Swedish,387670,lek,play,4,"leka, leker, lek, leks",191,4,191,8.035240963855422,1,24,4
jagade,1,1,4,NA,NA,1,6,Swedish,387670,jag,i,4,"jag, jagade, jagar, jaga",358,4.5,358,6.135741265344665,0,29,104
kör,360,360,6.713888888888889,NA,44,58,3,Swedish,387670,kör,drive,2,"köra, kör",742,3.5,742,7.188096276905178,3,104,64
borsta,68,68,7.117647058823529,NA,1,6,6,Swedish,387670,borst,broom,6,"borsten, borsta, borstar, borstat, borste, borstas",88,6.666666666666667,88,6.286274509803921,1,7,6
socker,46,46,5.521739130434782,6,16,3,6,Swedish,387670,sock,sock,3,"sockar, socker, socka",51,5.666666666666667,51,6.673913043478261,6,19,3
dans,20,20,3.05,NA,19,NA,4,Swedish,387670,dan,dance,4,"dans, dansa, dan, dansar",45,4.5,45,5.417261904761904,0,29,1
blomma,61,61,5.262295081967213,4,31,NA,6,Swedish,387670,blomm,flower,5,"blomma, blommor, blommer, blommerna, blommorna",70,7.6,70,5.8191256830601095,4,36,0
kalle,74,74,6.675675675675675,2,7,14,5,Swedish,387670,kall,cold,6,"kallades, kalle, kall, kallas, kallade, kalla",98,5.833333333333333,98,8.484834834834835,2,13,14
anka,56,56,5.25,1,33,NA,4,Swedish,387670,ank,duck,4,"anka, ank, anker, ankas",61,4.25,61,5.8125,1,35,0
alls,46,46,7.717391304347826,NA,20,NA,4,Swedish,387670,all,all,3,"all, alla, alls",179,3.6666666666666665,179,7.909619731418695,0,29,13
frukost,20,20,7.35,1,10,NA,7,Swedish,387670,frukost,breakfast,1,frukost,20,7,20,7.35,1,10,0
ägg,45,45,5.333333333333333,1,22,5,3,Swedish,387670,ägg,egg,1,ägg,45,3,45,5.333333333333333,1,22,5
katt,131,131,5.801526717557252,1,79,3,4,Swedish,387670,katt,cat,5,"katten, katt, kattens, katta, katterna",190,6,190,7.200122972690782,2,102,5
trött,42,42,7.190476190476191,NA,21,NA,5,Swedish,387670,trött,tired,1,trött,42,5,42,7.190476190476191,0,21,0
rita,310,310,6.483870967741935,3,48,10,4,Swedish,387670,rit,draw,5,"rita, ritar, rit, ritat, rite",354,4.2,354,7.029480075901328,3,51,12
papper,40,40,7.375,1,17,NA,6,Swedish,387670,papp,daddy,4,"pappa, papper, pappas, papp",971,5.25,971,6.569229386385427,10,221,124
papper,40,40,7.375,1,17,NA,6,Swedish,387670,papp,paper,4,"pappa, papper, pappas, papp",971,5.25,971,6.569229386385427,10,221,124
lära,13,13,11.153846153846153,NA,NA,NA,4,Swedish,387670,lär,teacher,2,"lära, lär",16,3.5,16,10.910256410256409,0,0,0
hus,105,105,8.342857142857143,1,66,2,3,Swedish,387670,hus,house,1,hus,105,3,105,8.342857142857143,1,66,2
flygplan,2,2,5,NA,1,NA,8,Swedish,387670,flygplan,airplane,1,flygplan,2,8,2,5,0,1,0
bilar,8,8,8.75,NA,2,NA,5,Swedish,387670,bil,car,4,"bil, bilen, bilar, bilarna",480,5,480,7.8202719344960725,9,279,4
lunch,4,4,10.5,NA,1,NA,5,Swedish,387670,lunch,lunch,1,lunch,4,5,4,10.5,0,1,0
glas,13,13,6.230769230769231,NA,9,NA,4,Swedish,387670,glas,glass,1,glas,13,4,13,6.230769230769231,0,9,0
snö,18,18,8.666666666666666,NA,4,NA,3,Swedish,387670,snö,snow,1,snö,18,3,18,8.666666666666666,0,4,0
blommor,4,4,4.5,NA,2,NA,7,Swedish,387670,blomm,flower,5,"blomma, blommor, blommer, blommerna, blommorna",70,7.6,70,5.8191256830601095,4,36,0
pojkens,1,1,6,NA,NA,NA,7,Swedish,387670,pojk,boy,6,"pojkar, pojkens, pojken, pojke, pojk, pojkarna",134,6,134,5.809523809523809,3,49,2
öga,34,34,4.735294117647059,2,20,NA,3,Swedish,387670,öga,eye,1,öga,34,3,34,4.735294117647059,2,20,0
sjunga,77,77,6.35064935064935,NA,18,5,6,Swedish,387670,sjung,sing,3,"sjunger, sjung, sjunga",87,6,87,5.583549783549784,0,19,8
hoppa,66,66,6.606060606060606,3,8,6,5,Swedish,387670,hopp,jump,8,"hoppas, hoppa, hopp, hoppe, hoppar, hoppade, hoppat, hopps",190,5.5,190,6.209027777777778,31,65,17
henne,223,223,7.349775784753363,NA,96,2,5,Swedish,387670,henn,her,2,"henne, hennes",229,5.5,229,7.008221225710015,0,97,2
hård,4,4,3.5,NA,4,NA,4,Swedish,387670,hård,hard,5,"hård, svår, hårda, svårare, svåraste",17,5.6,17,8.66,0,8,1
min,157,157,7.43312101910828,NA,18,7,3,Swedish,387670,min,mine,2,"min, mina",172,3.5,172,6.883227176220807,0,18,9
hand,68,68,6.602941176470588,4,30,NA,4,Swedish,387670,hand,hand,3,"hand, hands, handen",110,5,110,6.611754802931273,4,51,8
tunga,7,7,5.857142857142857,NA,4,NA,5,Swedish,387670,tung,tongue,2,"tunga, tung",11,4.5,11,5.678571428571429,0,7,0
fall,79,79,11.151898734177216,NA,49,1,4,Swedish,387670,fall,fall,2,"fall, faller",80,5,80,18.575949367088608,0,49,1
äpple,35,35,6.171428571428572,4,15,4,5,Swedish,387670,äppl,apple,2,"äpple, äpplen",43,5.5,43,5.523214285714285,5,19,4
pojken,20,20,7.3,NA,6,NA,6,Swedish,387670,pojk,boy,6,"pojkar, pojkens, pojken, pojke, pojk, pojkarna",134,6,134,5.809523809523809,3,49,2
apelsin,8,8,3.875,1,3,2,7,Swedish,387670,apelsin,orange (food),2,"apelsin, apelsiner",9,8,9,2.9375,1,4,2
glassen,2,2,7,NA,1,NA,7,Swedish,387670,glass,ice cream,2,"glassen, glass",164,6,164,6.913580246913581,4,82,2
pengarna,1,1,7,NA,NA,NA,8,Swedish,387670,peng,money,3,"pengarna, peng, pengar",10,6,10,5.944444444444445,0,7,0
biten,11,11,7.181818181818182,NA,2,NA,5,Swedish,387670,bit,bite,6,"bit, bitar, biten, bita, bitarna, biter",193,4.833333333333333,193,7.4237670825906115,1,40,4
pappas,35,35,7.542857142857143,NA,1,1,6,Swedish,387670,papp,daddy,4,"pappa, papper, pappas, papp",971,5.25,971,6.569229386385427,10,221,124
pappas,35,35,7.542857142857143,NA,1,1,6,Swedish,387670,papp,paper,4,"pappa, papper, pappas, papp",971,5.25,971,6.569229386385427,10,221,124
vems,6,6,5.833333333333333,NA,NA,4,4,Swedish,387670,vem,who,2,"vem, vems",1119,3.5,1119,5.681716082659479,11,3,776
hans,10,10,8.5,NA,1,NA,4,Swedish,387670,han,his,2,"han, hans",5312,3.5,5312,7.5140513013957,9,542,1142
glass,162,162,6.827160493827161,4,81,2,5,Swedish,387670,glass,ice cream,2,"glassen, glass",164,6,164,6.913580246913581,4,82,2
skålen,1,1,7,NA,NA,NA,6,Swedish,387670,skål,bowl,3,"skål, skålen, skåla",22,5,22,5.7592592592592595,4,8,0
morfar,3,3,10.333333333333334,NA,NA,NA,6,Swedish,387670,morf,grandpa,3,"farfar, morfar, morf",15,5.333333333333333,15,8.511111111111111,0,3,2
musen,12,12,5.083333333333333,1,8,NA,5,Swedish,387670,mus,mouse,2,"mus, musen",39,4,39,5.023148148148148,2,25,0
kattens,2,2,11.5,NA,NA,NA,7,Swedish,387670,katt,cat,5,"katten, katt, kattens, katta, katterna",190,6,190,7.200122972690782,2,102,5
säger,97,97,5.247422680412371,NA,9,9,5,Swedish,387670,säg,say,3,"säger, säga, säg",125,4,125,5.86218437173166,1,13,12
glad,89,89,7.258426966292135,1,43,NA,4,Swedish,387670,glad,happy,2,"glad, glada",90,4.5,90,5.129213483146067,1,43,0
ritar,25,25,6.84,NA,NA,2,5,Swedish,387670,rit,draw,5,"rita, ritar, rit, ritat, rite",354,4.2,354,7.029480075901328,3,51,12
dra,84,84,8.166666666666666,NA,8,12,3,Swedish,387670,dra,pull,1,dra,84,3,84,8.166666666666666,0,8,12
hopp,99,99,5.282828282828283,25,57,10,4,Swedish,387670,hopp,jump,8,"hoppas, hoppa, hopp, hoppe, hoppar, hoppade, hoppat, hopps",190,5.5,190,6.209027777777778,31,65,17
natt,17,17,6.352941176470588,NA,9,NA,4,Swedish,387670,natt,night,2,"natt, natten",21,5,21,7.6764705882352935,0,11,0
ank,1,1,4,NA,1,NA,3,Swedish,387670,ank,duck,4,"anka, ank, anker, ankas",61,4.25,61,5.8125,1,35,0
simma,41,41,7.609756097560975,NA,17,2,5,Swedish,387670,simm,swim,4,"simma, simmar, simmat, simmade",45,6,45,9.652439024390244,0,19,3
kasta,28,28,7.142857142857143,NA,3,3,5,Swedish,387670,kast,throw,4,"kasta, kastar, kastade, kastat",37,6,37,6.928571428571429,0,3,5
boll,81,81,6.185185185185185,1,41,1,4,Swedish,387670,boll,ball,4,"boll, bollen, bollar, bollarna",112,6,112,6.074074074074074,2,56,2
arm,13,13,7.615384615384615,NA,7,NA,3,Swedish,387670,arm,arm,4,"armen, arm, armarna, armar",37,5,37,8.419471153846153,1,18,0
smör,14,14,7.071428571428571,NA,4,NA,4,Swedish,387670,smör,butter,1,smör,14,4,14,7.071428571428571,0,4,0
ost,50,50,6.42,4,25,1,3,Swedish,387670,ost,cheese,2,"ost, osten",55,4,55,6.8100000000000005,4,28,1
telefon,18,18,5.222222222222222,2,10,NA,7,Swedish,387670,telefon,telephone,3,"telefon, telefonen, telefoner",35,8.333333333333334,35,5.886574074074074,2,20,1
lamm,49,49,7.448979591836735,NA,26,2,4,Swedish,387670,lamm,lamb,2,"lamm, lammen",52,5,52,5.891156462585034,0,27,4
bada,131,131,7.374045801526718,NA,49,5,4,Swedish,387670,bad,bath,5,"bada, bad, badar, badat, badade",164,4.6,164,10.291475826972011,0,57,9
banan,27,27,5.407407407407407,3,11,3,5,Swedish,387670,banan,banana,2,"banan, bananen",29,6,29,4.703703703703704,3,11,3
gammal,85,85,5.847058823529411,1,10,4,6,Swedish,387670,gammal,old,1,gammal,85,6,85,5.847058823529411,1,10,4
mössa,56,56,5.785714285714286,1,38,NA,5,Swedish,387670,möss,hat,2,"mössa, möss",58,4.5,58,4.642857142857142,1,40,0
bä,21,21,3.619047619047619,5,7,5,2,Swedish,387670,bä,baa baa,1,bä,21,2,21,3.619047619047619,5,7,5
ben,87,87,6.689655172413793,NA,39,3,3,Swedish,387670,ben,leg,2,"ben, benen",95,4,95,6.907327586206897,0,42,3
penna,34,34,5.911764705882353,NA,19,NA,5,Swedish,387670,penn,pen/pencil,4,"penna, pennor, pennorna, pennerna",47,6.75,47,7.552941176470588,1,23,0
blå,86,86,5.453488372093023,6,22,8,3,Swedish,387670,blå,blue,1,blå,86,3,86,5.453488372093023,6,22,8
fin,247,247,6.1214574898785425,1,79,9,3,Swedish,387670,fin,fine,2,"fina, fin",262,3.5,262,6.4273954116059375,1,80,9
sjuk,36,36,6.666666666666667,NA,24,NA,4,Swedish,387670,sjuk,sick,1,sjuk,36,4,36,6.666666666666667,0,24,0
nere,113,113,8.221238938053098,NA,40,3,4,Swedish,387670,ner,down,2,"ner, nere",640,3.5,640,8.278551157831103,3,195,5
bi,14,14,5,1,6,1,2,Swedish,387670,bi,bee,1,bi,14,2,14,5,1,6,1
huvud,10,10,4.5,NA,10,NA,5,Swedish,387670,huvud,head,1,huvud,10,5,10,4.5,0,10,0
slå,64,64,9.046875,NA,2,2,3,Swedish,387670,slå,hit,1,slå,64,3,64,9.046875,0,2,2
röd,84,84,5.2976190476190474,5,27,8,3,Swedish,387670,röd,red,2,"röd, röda",108,3.5,108,5.794642857142858,5,30,9
neja,2,2,4,1,NA,NA,4,Swedish,387670,nej,no,2,"neja, nej",306,3.5,306,4.886513157894736,67,18,188
bassäng,7,7,4.285714285714286,NA,4,1,7,Swedish,387670,bassäng,pool,1,bassäng,7,7,7,4.285714285714286,0,4,1
bad,1,1,9,NA,NA,NA,3,Swedish,387670,bad,bath,5,"bada, bad, badar, badat, badade",164,4.6,164,10.291475826972011,0,57,9
pojke,105,105,6.723809523809524,3,39,1,5,Swedish,387670,pojk,boy,6,"pojkar, pojkens, pojken, pojke, pojk, pojkarna",134,6,134,5.809523809523809,3,49,2
tv,31,31,7.548387096774194,NA,22,NA,2,Swedish,387670,tv,tv,1,tv,31,2,31,7.548387096774194,0,22,0
skräp,9,9,5.777777777777778,NA,6,NA,5,Swedish,387670,skräp,trash,1,skräp,9,5,9,5.777777777777778,0,6,0
lek,4,4,11.75,NA,1,NA,3,Swedish,387670,lek,play,4,"leka, leker, lek, leks",191,4,191,8.035240963855422,1,24,4
stjärna,24,24,4.5,1,13,NA,7,Swedish,387670,stjärn,star,2,"stjärna, stjärnor",25,7.5,25,5.25,1,13,0
tom,30,30,4.733333333333333,1,13,6,3,Swedish,387670,tom,empty,2,"tom, tomat",35,4,35,3.7666666666666666,3,14,7
nej,304,304,5.7730263157894735,66,18,188,3,Swedish,387670,nej,no,2,"neja, nej",306,3.5,306,4.886513157894736,67,18,188
stänga,56,56,6.446428571428571,3,10,2,6,Swedish,387670,stäng,close,7,"stängdes, stänga, stäng, stängde, stängd, stänger, stängt",90,6.428571428571429,90,5.329081632653061,4,17,9
stäng,7,7,3.857142857142857,1,NA,5,5,Swedish,387670,stäng,close,7,"stängdes, stänga, stäng, stängde, stängd, stänger, stängt",90,6.428571428571429,90,5.329081632653061,4,17,9
tvål,20,20,6.3,NA,7,2,4,Swedish,387670,tvål,soap,4,"tvål, tvåla, tvålen, tvålat",31,5.25,31,8.775,0,9,4
papp,2,2,4.5,NA,1,NA,4,Swedish,387670,papp,daddy,4,"pappa, papper, pappas, papp",971,5.25,971,6.569229386385427,10,221,124
papp,2,2,4.5,NA,1,NA,4,Swedish,387670,papp,paper,4,"pappa, papper, pappas, papp",971,5.25,971,6.569229386385427,10,221,124
knapp,8,8,8,1,3,NA,5,Swedish,387670,knapp,button,3,"knapp, knappar, knappen",14,6.333333333333333,14,6.777777777777778,1,5,0
hands,9,9,7.111111111111111,NA,NA,8,5,Swedish,387670,hand,hand,3,"hand, hands, handen",110,5,110,6.611754802931273,4,51,8
baby,8,8,9,NA,2,NA,4,Swedish,387670,baby,baby,1,baby,8,4,8,9,0,2,0
radio,6,6,2.5,3,1,NA,5,Swedish,387670,radio,radio,1,radio,6,5,6,2.5,3,1,0
gunga,34,34,7.470588235294118,NA,9,1,5,Swedish,387670,gung,swing (action),2,"gunga, gung",36,4.5,36,5.985294117647059,1,9,1
gunga,34,34,7.470588235294118,NA,9,1,5,Swedish,387670,gung,swing (object),2,"gunga, gung",36,4.5,36,5.985294117647059,1,9,1
regn,5,5,7.6,2,2,NA,4,Swedish,387670,regn,rain,3,"regnar, regn, regna",17,5,17,7.761904761904762,2,6,0
hämt,1,1,2,NA,1,NA,4,Swedish,387670,hämt,get,4,"hämta, hämt, hämtar, hämtat",214,5.25,214,6.476613488034808,0,16,13
bakom,73,73,7.410958904109589,NA,21,8,5,Swedish,387670,bakom,back (location),1,bakom,73,5,73,7.410958904109589,0,21,8
sol,8,8,7.625,NA,2,1,3,Swedish,387670,sol,sun,3,"sol, sola, solen",20,4,20,7.708333333333333,0,5,1
kex,13,13,6,NA,7,1,3,Swedish,387670,kex,cracker,3,"kex, kexen, skorpa",19,4.666666666666667,19,8.866666666666667,0,7,2
morf,2,2,7.5,NA,1,NA,4,Swedish,387670,morf,grandpa,3,"farfar, morfar, morf",15,5.333333333333333,15,8.511111111111111,0,3,2
vis,4,4,9,NA,NA,1,3,Swedish,387670,vis,show,4,"visa, vis, visade, visar",144,4.5,144,7.318518518518518,0,8,20
sten,30,30,6.233333333333333,NA,17,NA,4,Swedish,387670,sten,rock (object),5,"sten, stena, stenar, stenen, stenarna",39,5.8,39,5.596666666666667,0,20,1
socka,1,1,11,NA,NA,NA,5,Swedish,387670,sock,sock,3,"sockar, socker, socka",51,5.666666666666667,51,6.673913043478261,6,19,3
peng,6,6,4.833333333333333,NA,5,NA,4,Swedish,387670,peng,money,3,"pengarna, peng, pengar",10,6,10,5.944444444444445,0,7,0
dag,13,13,9.461538461538462,NA,7,NA,3,Swedish,387670,dag,day,4,"dag, dagen, dagar, dags",18,4.25,18,7.365384615384615,0,9,0
spagetti,8,8,5.25,1,4,NA,8,Swedish,387670,spagetti,pasta,1,spagetti,8,8,8,5.25,1,4,0
skynda,15,15,8.333333333333334,NA,NA,6,6,Swedish,387670,skynd,hurry,1,skynda,15,6,15,8.333333333333334,0,0,6
nära,10,10,6.6,NA,1,1,4,Swedish,387670,när,when (question),3,"när, nära, närheten",1428,5,1428,8.767631145612796,2,5,253
puss,51,51,4.03921568627451,2,38,2,4,Swedish,387670,puss,kiss,4,"puss, pussa, pussar, pussas",72,5.25,72,4.595518207282913,3,39,4
sparka,16,16,7.8125,NA,NA,2,6,Swedish,387670,spark,kick,2,"sparka, sparkar",21,6.5,21,6.90625,0,0,4
buss,35,35,7.571428571428571,NA,20,NA,4,Swedish,387670,buss,bus,2,"buss, bussen",51,5,51,6.879464285714286,1,25,1
mata,29,29,6.655172413793103,NA,1,NA,4,Swedish,387670,mat,feed,4,"mat, mata, maten, mats",342,4,342,6.443595227000399,6,139,9
mata,29,29,6.655172413793103,NA,1,NA,4,Swedish,387670,mat,food,4,"mat, mata, maten, mats",342,4,342,6.443595227000399,6,139,9
klocka,13,13,4.461538461538462,1,8,1,6,Swedish,387670,klock,clock,1,klocka,13,6,13,4.461538461538462,1,8,1
fönster,22,22,6.5,1,10,1,7,Swedish,387670,fönst,window,1,fönster,22,7,22,6.5,1,10,1
svår,10,10,8.8,NA,4,NA,4,Swedish,387670,svår,hard,5,"hård, svår, hårda, svårare, svåraste",17,5.6,17,8.66,0,8,1
ljus,28,28,7.25,1,11,1,4,Swedish,387670,ljus,candle,2,"ljus, ljusen",34,5,34,6.958333333333334,1,13,1
drick,14,14,5.357142857142857,NA,3,7,5,Swedish,387670,drick,drink (action),3,"dricka, dricker, drick",172,6,172,5.741269841269841,2,42,13
ballong,31,31,6.967741935483871,2,13,1,7,Swedish,387670,ballong,balloon,3,"ballong, ballongen, ballonger",48,8.333333333333334,48,7.176747311827957,2,21,1
tant,12,12,7.5,NA,5,NA,4,Swedish,387670,tant,aunt,4,"fast, tant, tanten, faster",280,5,280,10.342105263157894,1,28,112
plaska,4,4,9,NA,NA,NA,6,Swedish,387670,plask,splash,2,"plaska, plask",7,5.5,7,9,0,1,0
tittut,68,68,2.014705882352941,47,12,5,6,Swedish,387670,tittut,peekaboo,1,tittut,68,6,68,2.014705882352941,47,12,5
träd,45,45,7.466666666666667,2,19,NA,4,Swedish,387670,träd,tree,2,"träd, träden",47,5,47,4.983333333333333,2,21,0
smuts,6,6,6.166666666666667,NA,4,NA,5,Swedish,387670,smut,dirty,3,"smuts, smutsig, smutsa",10,6,10,6.222222222222222,0,6,0
morot,10,10,6.8,NA,6,NA,5,Swedish,387670,morot,carrots,2,"morot, moroten",11,6,11,3.9,1,6,0
vante,8,8,6.625,NA,5,NA,5,Swedish,387670,vant,mittens,3,"vante, vantar, vanten",12,5.666666666666667,12,4.763888888888889,0,9,0
fisk,70,70,6.7,1,37,1,4,Swedish,387670,fisk,fish (animal),6,"fisk, fiska, fisken, fiskar, fiskare, fiskarna",92,6,92,8.57037037037037,1,46,1
fisk,70,70,6.7,1,37,1,4,Swedish,387670,fisk,fish (food),6,"fisk, fiska, fisken, fiskar, fiskare, fiskarna",92,6,92,8.57037037037037,1,46,1
apa,47,47,5.74468085106383,4,30,2,3,Swedish,387670,apa,monkey,1,apa,47,3,47,5.74468085106383,4,30,2
ko,34,34,6.676470588235294,3,9,3,2,Swedish,387670,ko,cow,1,ko,34,2,34,6.676470588235294,3,9,3
tå,11,11,4.7272727272727275,2,3,1,2,Swedish,387670,tå,toe,1,tå,11,2,11,4.7272727272727275,2,3,1
jacka,20,20,6.2,1,10,NA,5,Swedish,387670,jack,jacket,1,jacka,20,5,20,6.2,1,10,0
ris,9,9,7.666666666666667,1,5,NA,3,Swedish,387670,ris,rice,1,ris,9,3,9,7.666666666666667,1,5,0
inten,1,1,2,NA,NA,1,5,Swedish,387670,int,not (routine),3,"inte, inten, int",4393,4,4393,4.91579267365861,62,653,324
inten,1,1,2,NA,NA,1,5,Swedish,387670,int,not,3,"inte, inten, int",4393,4,4393,4.91579267365861,62,653,324
skriva,23,23,6,NA,5,NA,6,Swedish,387670,skriv,write,2,"skriva, skriver",25,6.5,25,7.25,0,5,0
näs,2,2,12,NA,NA,NA,3,Swedish,387670,näs,nose,2,"näsa, näs",59,3.5,59,8.824561403508772,2,36,3
titte,1,1,9,NA,NA,NA,5,Swedish,387670,titt,look,6,"titta, tittar, titte, titt, tittat, tittade",1787,5.5,1787,7.600301821726229,155,166,671
skjorta,13,13,9.23076923076923,NA,8,1,7,Swedish,387670,skjort,shirt,2,"skjorta, skjort",14,6.5,14,11.115384615384615,0,8,1
nam,14,14,4.785714285714286,NA,5,8,3,Swedish,387670,nam,yum yum,1,nam,14,3,14,4.785714285714286,0,5,8
spade,7,7,5.714285714285714,2,2,NA,5,Swedish,387670,spad,shovel,3,"spade, spaden, spadar",11,5.666666666666667,11,6.7936507936507935,2,3,0
tomat,5,5,2.8,2,1,1,5,Swedish,387670,tom,empty,2,"tom, tomat",35,4,35,3.7666666666666666,3,14,7
kalas,59,59,6.8474576271186445,NA,41,1,5,Swedish,387670,kal,party,1,kalas,59,5,59,6.8474576271186445,0,41,1
finger,8,8,7.625,NA,5,NA,6,Swedish,387670,fing,finger,3,"finger, finge, fing",10,5,10,7.208333333333333,0,5,0
sluta,14,14,9.642857142857142,NA,1,5,5,Swedish,387670,slut,stop,5,"slut, slutat, stanna, sluta, stannar",251,5.6,251,7.1495670995671,5,140,12
knä,42,42,9.452380952380953,NA,21,NA,3,Swedish,387670,knä,knee,1,knä,42,3,42,9.452380952380953,0,21,0
ansikte,12,12,4.916666666666667,NA,7,1,7,Swedish,387670,ansik,face,1,ansikte,12,7,12,4.916666666666667,0,7,1
sola,4,4,7.25,NA,NA,NA,4,Swedish,387670,sol,sun,3,"sol, sola, solen",20,4,20,7.708333333333333,0,5,1
kissa,9,9,5.777777777777778,NA,4,1,5,Swedish,387670,kiss,kitty,5,"kissa, kissen, kisse, kissat, kiss",39,5.2,39,6.233333333333333,1,19,4
bryta,3,3,9.666666666666666,NA,NA,NA,5,Swedish,387670,bryt,break,3,"bryta, bryt, bryter",6,5,6,6.055555555555555,0,0,1
docka,55,55,5.890909090909091,2,27,1,5,Swedish,387670,dock,doll,5,"docka, docker, dockorna, dock, dockor",61,5.8,61,9.378181818181819,2,27,2
dansa,21,21,5.9523809523809526,NA,8,1,5,Swedish,387670,dans,dance,4,"dans, dansa, dan, dansar",45,4.5,45,5.417261904761904,0,29,1
russin,8,8,9.5,NA,3,NA,6,Swedish,387670,russin,raisin,2,"russin, russinen",9,7,9,9.75,0,3,0
kniv,20,20,8.05,2,12,1,4,Swedish,387670,kniv,knife,4,"kniv, knivar, kniven, knivarna",27,6,27,6.575,2,13,1
gaffel,11,11,7,NA,5,NA,6,Swedish,387670,gaffel,fork,1,gaffel,11,6,11,7,0,5,0
rör,13,13,7.076923076923077,NA,NA,1,3,Swedish,387670,rör,touch,4,"rör, röra, rören, rörelse",51,4.75,51,7.412087912087912,0,3,1
inge,13,13,8.615384615384615,NA,2,2,4,Swedish,387670,ing,none,5,"ingen, inga, inge, inger, ing",81,4.2,81,6.020315818635146,1,7,6
affär,10,10,9.1,1,4,NA,5,Swedish,387670,affär,store,2,"affär, affären",13,6,13,11.216666666666667,1,5,0
våt,17,17,7.294117647058823,NA,7,1,3,Swedish,387670,våt,wet (description),2,"våt, våta",19,3.5,19,7.647058823529411,0,7,1
springa,33,33,8.333333333333334,NA,6,1,7,Swedish,387670,spring,run,3,"springa, springer, spring",43,7,43,8.851851851851851,0,6,4
sko,20,20,5.05,NA,11,NA,3,Swedish,387670,sko,shoe,1,sko,20,3,20,5.05,0,11,0
mu,23,23,5.217391304347826,5,8,3,2,Swedish,387670,mu,moo,1,mu,23,2,23,5.217391304347826,5,8,3
måne,3,3,2.6666666666666665,NA,2,NA,4,Swedish,387670,mån,moon,5,"måne, månen, månade, månad, måns",10,4.8,10,7.283333333333333,0,5,1
sov,24,24,6.166666666666667,NA,5,7,3,Swedish,387670,sov,asleep,3,"sova, sov, sover",139,4,139,6.444184839044652,0,49,8
sov,24,24,6.166666666666667,NA,5,7,3,Swedish,387670,sov,sleep,3,"sova, sov, sover",139,4,139,6.444184839044652,0,49,8
kök,2,2,9,NA,1,NA,3,Swedish,387670,kök,kitchen,1,kök,2,3,2,9,0,1,0
kött,10,10,6.6,NA,4,1,4,Swedish,387670,kött,meat,1,kött,10,4,10,6.6,0,4,1
dörr,17,17,6.470588235294118,NA,11,NA,4,Swedish,387670,dörr,door,3,"dörrarna, dörr, dörren",32,6,32,4.799719887955182,0,17,1
regna,7,7,9.285714285714286,NA,2,NA,5,Swedish,387670,regn,rain,3,"regnar, regn, regna",17,5,17,7.761904761904762,2,6,0
syster,8,8,8.875,NA,2,1,6,Swedish,387670,syst,sister,1,syster,8,6,8,8.875,0,2,1
overall,3,3,4.666666666666667,NA,3,NA,7,Swedish,387670,overall,overalls,2,"overall, overallen",4,8,4,5.333333333333334,0,3,0
pingvin,3,3,6.333333333333333,NA,3,NA,7,Swedish,387670,pingvin,penguin,1,pingvin,3,7,3,6.333333333333333,0,3,0
telefonen,16,16,5.4375,NA,10,NA,9,Swedish,387670,telefon,telephone,3,"telefon, telefonen, telefoner",35,8.333333333333334,35,5.886574074074074,2,20,1
kram,14,14,4.5,NA,9,2,4,Swedish,387670,kram,hug,4,"kram, krama, kramas, kramar",27,5.25,27,4.625,1,11,3
gung,2,2,4.5,1,NA,NA,4,Swedish,387670,gung,swing (action),2,"gunga, gung",36,4.5,36,5.985294117647059,1,9,1
gung,2,2,4.5,1,NA,NA,4,Swedish,387670,gung,swing (object),2,"gunga, gung",36,4.5,36,5.985294117647059,1,9,1
pojk,1,1,3,NA,1,NA,4,Swedish,387670,pojk,boy,6,"pojkar, pojkens, pojken, pojke, pojk, pojkarna",134,6,134,5.809523809523809,3,49,2
vov,22,22,6.636363636363637,1,17,2,3,Swedish,387670,vov,woof woof,1,vov,22,3,22,6.636363636363637,1,17,2
int,6,6,5.666666666666667,NA,3,1,3,Swedish,387670,int,not (routine),3,"inte, inten, int",4393,4,4393,4.91579267365861,62,653,324
int,6,6,5.666666666666667,NA,3,1,3,Swedish,387670,int,not,3,"inte, inten, int",4393,4,4393,4.91579267365861,62,653,324
ponny,17,17,9.411764705882353,NA,7,NA,5,Swedish,387670,ponny,pony,1,ponny,17,5,17,9.411764705882353,0,7,0
tuff,53,53,7.113207547169812,1,49,2,4,Swedish,387670,tuff,choo choo,1,tuff,53,4,53,7.113207547169812,1,49,2
bita,18,18,5.666666666666667,NA,6,1,4,Swedish,387670,bit,bite,6,"bit, bitar, biten, bita, bitarna, biter",193,4.833333333333333,193,7.4237670825906115,1,40,4
sax,10,10,5.6,1,3,NA,3,Swedish,387670,sax,scissors,2,"sax, saxen",13,4,13,5.3,1,5,0
dagis,48,48,8.333333333333334,NA,21,NA,5,Swedish,387670,dagis,kindergarten,1,dagis,48,5,48,8.333333333333334,0,21,0
hjälp,26,26,3.8461538461538463,6,2,12,5,Swedish,387670,hjälp,help,5,"hjälpa, hjälpas, hjälp, hjälper, hjälps",206,6.2,206,7.866891587944219,6,10,14
kopp,7,7,7.428571428571429,NA,3,NA,4,Swedish,387670,kopp,cup,3,"kopp, koppen, koppar",10,5.333333333333333,10,7.976190476190476,0,4,0
katta,7,7,5.571428571428571,NA,1,NA,5,Swedish,387670,katt,cat,5,"katten, katt, kattens, katta, katterna",190,6,190,7.200122972690782,2,102,5
trappa,7,7,5.714285714285714,1,2,NA,6,Swedish,387670,trapp,stairs,1,trappa,7,6,7,5.714285714285714,1,2,0
fiska,3,3,8.666666666666666,NA,1,NA,5,Swedish,387670,fisk,fish (animal),6,"fisk, fiska, fisken, fiskar, fiskare, fiskarna",92,6,92,8.57037037037037,1,46,1
fiska,3,3,8.666666666666666,NA,1,NA,5,Swedish,387670,fisk,fish (food),6,"fisk, fiska, fisken, fiskar, fiskare, fiskarna",92,6,92,8.57037037037037,1,46,1
bild,32,32,7.9375,NA,10,NA,4,Swedish,387670,bild,picture,4,"bild, bilden, bilder, bildad",49,5.5,49,10.459375,0,18,1
gås,7,7,7.285714285714286,NA,5,NA,3,Swedish,387670,gås,goose,1,gås,7,3,7,7.285714285714286,0,5,0
stena,2,2,3,NA,1,1,5,Swedish,387670,sten,rock (object),5,"sten, stena, stenar, stenen, stenarna",39,5.8,39,5.596666666666667,0,20,1
mörk,1,1,4,NA,1,NA,4,Swedish,387670,mörk,dark,3,"mörk, mörkt, mörkare",7,5.333333333333333,7,6.333333333333333,0,3,0
ugn,3,3,5.333333333333333,NA,3,NA,3,Swedish,387670,ugn,oven,2,"ugn, ugnen",6,4,6,8.666666666666666,0,5,0
kall,15,15,8.733333333333333,NA,5,NA,4,Swedish,387670,kall,cold,6,"kallades, kalle, kall, kallas, kallade, kalla",98,5.833333333333333,98,8.484834834834835,2,13,14
garage,15,15,9.533333333333333,NA,6,1,6,Swedish,387670,garag,garage,1,garage,15,6,15,9.533333333333333,0,6,1
skola,16,16,8.625,NA,8,NA,5,Swedish,387670,skol,school,1,skola,16,5,16,8.625,0,8,0
vill_e,14,14,7.142857142857143,NA,1,4,6,Swedish,387670,vill_,wanna,1,vill_e,14,6,14,7.142857142857143,0,1,4
pizza,9,9,4.222222222222222,1,6,NA,5,Swedish,387670,pizz,pizza,1,pizza,9,5,9,4.222222222222222,1,6,0
tiger,6,6,4.666666666666667,NA,5,NA,5,Swedish,387670,tig,tiger,1,tiger,6,5,6,4.666666666666667,0,5,0
unda,1,1,7,NA,NA,1,4,Swedish,387670,und,under,2,"under, unda",136,4.5,136,7.5,0,22,14
flaska,3,3,6,NA,2,NA,6,Swedish,387670,flask,bottle,1,flaska,3,6,3,6,0,2,0
juice,5,5,6,NA,3,NA,5,Swedish,387670,juic,juice,1,juice,5,5,5,6,0,3,0
bryt,1,1,3,NA,NA,NA,4,Swedish,387670,bryt,break,3,"bryta, bryt, bryter",6,5,6,6.055555555555555,0,0,1
röra,35,35,6.571428571428571,NA,2,NA,4,Swedish,387670,rör,touch,4,"rör, röra, rören, rörelse",51,4.75,51,7.412087912087912,0,3,1
groda,18,18,5.055555555555555,NA,13,1,5,Swedish,387670,grod,frog,1,groda,18,5,18,5.055555555555555,0,13,1
bör,1,1,7,NA,NA,NA,3,Swedish,387670,bör,purse,1,bör,1,3,1,7,0,0,0
varsågod,24,24,1.8333333333333333,15,5,2,8,Swedish,387670,varsågod,please,1,varsågod,24,8,24,1.8333333333333333,15,5,2
bitarna,9,9,10.88888888888889,1,3,NA,7,Swedish,387670,bit,bite,6,"bit, bitar, biten, bita, bitarna, biter",193,4.833333333333333,193,7.4237670825906115,1,40,4
skåla,3,3,3.6666666666666665,NA,2,NA,5,Swedish,387670,skål,bowl,3,"skål, skålen, skåla",22,5,22,5.7592592592592595,4,8,0
rit,1,1,8,NA,NA,NA,3,Swedish,387670,rit,draw,5,"rita, ritar, rit, ritat, rite",354,4.2,354,7.029480075901328,3,51,12
filt,2,2,10,NA,NA,NA,4,Swedish,387670,filt,blanket,3,"filt, filter, filten",5,5.333333333333333,5,6,0,3,0
söt,22,22,4.863636363636363,NA,14,NA,3,Swedish,387670,söt,sweet,2,"söt, söta",23,3.5,23,2.9318181818181817,1,14,0
tand,4,4,6,NA,4,NA,4,Swedish,387670,tand,tooth,1,tand,4,4,4,6,0,4,0
fot,6,6,8,NA,1,NA,3,Swedish,387670,fot,foot,2,"fot, foten",15,4,15,6.388888888888889,0,8,0
byxorna,7,7,6.142857142857143,NA,5,NA,7,Swedish,387670,byx,pants,6,"byxorna, byxerna, byxer, byxor, byxen, byxa",55,5.5,55,6.2375992063492065,1,26,0
badar,24,24,7.916666666666667,NA,5,4,5,Swedish,387670,bad,bath,5,"bada, bad, badar, badat, badade",164,4.6,164,10.291475826972011,0,57,9
benen,8,8,7.125,NA,3,NA,5,Swedish,387670,ben,leg,2,"ben, benen",95,4,95,6.907327586206897,0,42,3
kissen,9,9,5.444444444444445,1,4,NA,6,Swedish,387670,kiss,kitty,5,"kissa, kissen, kisse, kissat, kiss",39,5.2,39,6.233333333333333,1,19,4
säga,23,23,7.739130434782608,1,2,NA,4,Swedish,387670,säg,say,3,"säger, säga, säg",125,4,125,5.86218437173166,1,13,12
handduk,2,2,7,NA,NA,NA,7,Swedish,387670,handduk,towel,1,handduk,2,7,2,7,0,0,0
sätter,46,46,9.195652173913043,NA,NA,4,6,Swedish,387670,sätt,put,4,"sätta, sätt, sätter, sätts",597,5,597,7.455856102169994,3,11,107
krama,6,6,6.833333333333333,NA,NA,NA,5,Swedish,387670,kram,hug,4,"kram, krama, kramas, kramar",27,5.25,27,4.625,1,11,3
andre,1,1,4,NA,NA,1,5,Swedish,387670,andr,other,2,"andra, andre",101,5,101,5.845000000000001,0,11,11
läs,3,3,4.333333333333333,NA,1,1,3,Swedish,387670,läs,read,3,"läsa, läs, läser",223,4,223,6.066768603465851,1,33,4
medicin,10,10,7.3,NA,6,NA,7,Swedish,387670,medicin,medicine,1,medicin,10,7,10,7.3,0,6,0
skeden,14,14,8.642857142857142,NA,10,NA,6,Swedish,387670,sked,spoon,2,"sked, skeden",66,5,66,7.667582417582418,2,35,1
fisken,3,3,11,NA,1,NA,6,Swedish,387670,fisk,fish (animal),6,"fisk, fiska, fisken, fiskar, fiskare, fiskarna",92,6,92,8.57037037037037,1,46,1
fisken,3,3,11,NA,1,NA,6,Swedish,387670,fisk,fish (food),6,"fisk, fiska, fisken, fiskar, fiskare, fiskarna",92,6,92,8.57037037037037,1,46,1
maten,14,14,7.642857142857143,NA,6,NA,5,Swedish,387670,mat,feed,4,"mat, mata, maten, mats",342,4,342,6.443595227000399,6,139,9
maten,14,14,7.642857142857143,NA,6,NA,5,Swedish,387670,mat,food,4,"mat, mata, maten, mats",342,4,342,6.443595227000399,6,139,9
kaninen,38,38,5.368421052631579,1,21,2,7,Swedish,387670,kanin,bunny,5,"kanin, kaniner, kaninen, kaninerna, kaninens",102,7.2,102,6.746000594707107,3,58,2
kallas,4,4,5.5,NA,1,NA,6,Swedish,387670,kall,cold,6,"kallades, kalle, kall, kallas, kallade, kalla",98,5.833333333333333,98,8.484834834834835,2,13,14
tacka,3,3,6.666666666666667,NA,NA,2,5,Swedish,387670,tack,thank you,3,"tack, tacka, tackar",381,5,381,3.559976422045388,94,171,78
bilarna,7,7,8.428571428571429,1,2,NA,7,Swedish,387670,bil,car,4,"bil, bilen, bilar, bilarna",480,5,480,7.8202719344960725,9,279,4
kak,6,6,4,NA,6,NA,3,Swedish,387670,kak,cookie,3,"kaka, kak, kakor",83,4,83,5.156156156156156,2,59,0
boken,27,27,8.074074074074074,NA,15,NA,5,Swedish,387670,bok,book,2,"bok, boken",153,4,153,7.37037037037037,0,78,0
läser,2,2,7,NA,NA,NA,5,Swedish,387670,läs,read,3,"läsa, läs, läser",223,4,223,6.066768603465851,1,33,4
titt,3,3,4.666666666666667,1,NA,NA,4,Swedish,387670,titt,look,6,"titta, tittar, titte, titt, tittat, tittade",1787,5.5,1787,7.600301821726229,155,166,671
kloss,4,4,7.25,NA,1,NA,5,Swedish,387670,kloss,block,3,"kloss, klossarna, klossar",14,7,14,6.5,0,6,0
mammas,24,24,6,2,NA,1,6,Swedish,387670,mamm,mommy,3,"mamma, mammas, mamm",928,5,928,5.679955703211517,7,180,110
röda,24,24,6.291666666666667,NA,3,1,4,Swedish,387670,röd,red,2,"röd, röda",108,3.5,108,5.794642857142858,5,30,9
mjölken,6,6,4.5,NA,3,NA,7,Swedish,387670,mjölk,milk,3,"mjölk, mjölken, mjölka",149,6,149,4.906103286384977,2,67,10
mjau,10,10,6,3,5,NA,4,Swedish,387670,mjau,meow,1,mjau,10,4,10,6,3,5,0
stängde,3,3,6.333333333333333,NA,NA,1,7,Swedish,387670,stäng,close,7,"stängdes, stänga, stäng, stängde, stängd, stänger, stängt",90,6.428571428571429,90,5.329081632653061,4,17,9
kam,8,8,5.75,NA,5,NA,3,Swedish,387670,kam,comb (object),1,kam,8,3,8,5.75,0,5,0
leksakerna,3,3,9.666666666666666,NA,2,NA,10,Swedish,387670,leksak,toy (object),3,"leksakerna, leksak, leksaker",7,8,7,9.333333333333334,0,3,0
klossarna,6,6,6,NA,3,NA,9,Swedish,387670,kloss,block,3,"kloss, klossarna, klossar",14,7,14,6.5,0,6,0
stolen,45,45,7.4222222222222225,NA,28,1,6,Swedish,387670,stol,chair,3,"stol, stolen, stolarna",120,6,120,7.095695695695696,0,64,1
bananen,2,2,4,NA,NA,NA,7,Swedish,387670,banan,banana,2,"banan, bananen",29,6,29,4.703703703703704,3,11,3
spaden,3,3,4.666666666666667,NA,1,NA,6,Swedish,387670,spad,shovel,3,"spade, spaden, spadar",11,5.666666666666667,11,6.7936507936507935,2,3,0
björnen,7,7,5.285714285714286,NA,3,NA,7,Swedish,387670,björn,bear,4,"björn, björnen, björnens, björne",60,6.5,60,6.502551020408164,0,33,1
kittlas,2,2,5,NA,1,NA,7,Swedish,387670,kittl,tickle,3,"kittlas, kittla, kittlade",4,7,4,4,0,1,1
kittla,1,1,5,NA,NA,NA,6,Swedish,387670,kittl,tickle,3,"kittlas, kittla, kittlade",4,7,4,4,0,1,1
potta,5,5,11.4,NA,NA,NA,5,Swedish,387670,pott,potty,1,potta,5,5,5,11.4,0,0,0
hoppe,1,1,1,1,NA,NA,5,Swedish,387670,hopp,jump,8,"hoppas, hoppa, hopp, hoppe, hoppar, hoppade, hoppat, hopps",190,5.5,190,6.209027777777778,31,65,17
pussa,14,14,4.642857142857143,NA,1,2,5,Swedish,387670,puss,kiss,4,"puss, pussa, pussar, pussas",72,5.25,72,4.595518207282913,3,39,4
varmt,26,26,7.3076923076923075,NA,11,NA,5,Swedish,387670,varmt,hot,1,varmt,26,5,26,7.3076923076923075,0,11,0
handen,33,33,6.121212121212121,NA,21,NA,6,Swedish,387670,hand,hand,3,"hand, hands, handen",110,5,110,6.611754802931273,4,51,8
smutsig,2,2,5,NA,2,NA,7,Swedish,387670,smuts,dirty,3,"smuts, smutsig, smutsa",10,6,10,6.222222222222222,0,6,0
armarna,4,4,6.75,1,1,NA,7,Swedish,387670,arm,arm,4,"armen, arm, armarna, armar",37,5,37,8.419471153846153,1,18,0
navel,1,1,2,NA,1,NA,5,Swedish,387670,navel,belly button,1,navel,1,5,1,2,0,1,0
hungrig,6,6,5.666666666666667,NA,3,NA,7,Swedish,387670,hungr,hungry,2,"hungriga, hungrig",8,7.5,8,5.583333333333334,0,5,0
badat,6,6,7.666666666666667,NA,3,NA,5,Swedish,387670,bad,bath,5,"bada, bad, badar, badat, badade",164,4.6,164,10.291475826972011,0,57,9
mjuk,8,8,6.125,NA,1,1,4,Swedish,387670,mjuk,soft,3,"mjuk, mjuka, mjukare",11,5.333333333333333,11,7.208333333333333,0,1,1
ikväll,1,1,8,NA,1,NA,6,Swedish,387670,ikväll,tonight,1,ikväll,1,6,1,8,0,1,0
flickorna,1,1,10,NA,NA,NA,9,Swedish,387670,flick,girl,4,"flicka, flickorna, flickor, flick",107,6.75,107,6.055288461538462,1,52,1
kramas,6,6,4.166666666666667,1,1,1,6,Swedish,387670,kram,hug,4,"kram, krama, kramas, kramar",27,5.25,27,4.625,1,11,3
pussar,5,5,5.2,NA,NA,NA,6,Swedish,387670,puss,kiss,4,"puss, pussa, pussar, pussas",72,5.25,72,4.595518207282913,3,39,4
barnen,4,4,8.75,1,NA,NA,6,Swedish,387670,barn,child,2,"barn, barnen",102,5,102,8.543367346938776,1,41,1
hämtar,14,14,8.571428571428571,NA,NA,NA,6,Swedish,387670,hämt,get,4,"hämta, hämt, hämtar, hämtat",214,5.25,214,6.476613488034808,0,16,13
hjälper,6,6,7.5,NA,NA,NA,7,Swedish,387670,hjälp,help,5,"hjälpa, hjälpas, hjälp, hjälper, hjälps",206,6.2,206,7.866891587944219,6,10,14
dan,3,3,8.666666666666666,NA,2,NA,3,Swedish,387670,dan,dance,4,"dans, dansa, dan, dansar",45,4.5,45,5.417261904761904,0,29,1
hennes,6,6,6.666666666666667,NA,1,NA,6,Swedish,387670,henn,her,2,"henne, hennes",229,5.5,229,7.008221225710015,0,97,2
affären,3,3,13.333333333333334,NA,1,NA,7,Swedish,387670,affär,store,2,"affär, affären",13,6,13,11.216666666666667,1,5,0
saxen,3,3,5,NA,2,NA,5,Swedish,387670,sax,scissors,2,"sax, saxen",13,4,13,5.3,1,5,0
pengar,3,3,6,NA,2,NA,6,Swedish,387670,peng,money,3,"pengarna, peng, pengar",10,6,10,5.944444444444445,0,7,0
samma,9,9,9.555555555555555,NA,NA,NA,5,Swedish,387670,samm,same,1,samma,9,5,9,9.555555555555555,0,0,0
pannkaker,1,1,12,NA,1,NA,9,Swedish,387670,pannkak,pancake,2,"pannkakor, pannkaker",2,9,2,7,0,2,0
kexen,1,1,8,NA,NA,1,5,Swedish,387670,kex,cracker,3,"kex, kexen, skorpa",19,4.666666666666667,19,8.866666666666667,0,7,2
fat,4,4,11.5,NA,NA,NA,3,Swedish,387670,fat,dish,1,fat,4,3,4,11.5,0,0,0
kisse,18,18,4.944444444444445,NA,10,3,5,Swedish,387670,kiss,kitty,5,"kissa, kissen, kisse, kissat, kiss",39,5.2,39,6.233333333333333,1,19,4
sätts,1,1,6,NA,1,NA,5,Swedish,387670,sätt,put,4,"sätta, sätt, sätter, sätts",597,5,597,7.455856102169994,3,11,107
vänt,2,2,10,NA,NA,1,4,Swedish,387670,vänt,wait,4,"vänta, vänt, väntar, väntade",216,5.5,216,7.4341346153846155,36,26,78
himmel,5,5,7.6,NA,NA,NA,6,Swedish,387670,himmel,sky,1,himmel,5,6,5,7.6,0,0,0
mamm,1,1,4,NA,1,NA,4,Swedish,387670,mamm,mommy,3,"mamma, mammas, mamm",928,5,928,5.679955703211517,7,180,110
kyckling,2,2,5.5,NA,1,NA,8,Swedish,387670,kyckling,chicken (animal),1,kyckling,2,8,2,5.5,0,1,0
kyckling,2,2,5.5,NA,1,NA,8,Swedish,387670,kyckling,chicken (food),1,kyckling,2,8,2,5.5,0,1,0
godast,1,1,3,NA,1,NA,6,Swedish,387670,god,good,3,"god, godast, goda",94,4.333333333333333,94,4.159420289855072,0,66,7
solen,8,8,8.25,NA,3,NA,5,Swedish,387670,sol,sun,3,"sol, sola, solen",20,4,20,7.708333333333333,0,5,1
försiktigt,7,7,5.857142857142857,1,3,NA,10,Swedish,387670,försikt,careful,2,"försiktigt, försiktig",8,9.5,8,21.928571428571427,1,3,0
bilden,10,10,8.9,NA,4,1,6,Swedish,387670,bild,picture,4,"bild, bilden, bilder, bildad",49,5.5,49,10.459375,0,18,1
fiskar,9,9,8.555555555555555,NA,3,NA,6,Swedish,387670,fisk,fish (animal),6,"fisk, fiska, fisken, fiskar, fiskare, fiskarna",92,6,92,8.57037037037037,1,46,1
fiskar,9,9,8.555555555555555,NA,3,NA,6,Swedish,387670,fisk,fish (food),6,"fisk, fiska, fisken, fiskar, fiskare, fiskarna",92,6,92,8.57037037037037,1,46,1
leksak,1,1,10,NA,NA,NA,6,Swedish,387670,leksak,toy (object),3,"leksakerna, leksak, leksaker",7,8,7,9.333333333333334,0,3,0
hunden,29,29,7.310344827586207,1,8,4,6,Swedish,387670,hund,dog,2,"hund, hunden",162,5,162,6.670210007778066,3,90,4
dagen,1,1,6,NA,NA,NA,5,Swedish,387670,dag,day,4,"dag, dagen, dagar, dags",18,4.25,18,7.365384615384615,0,9,0
natten,4,4,9,NA,2,NA,6,Swedish,387670,natt,night,2,"natt, natten",21,5,21,7.6764705882352935,0,11,0
hoppar,15,15,7.533333333333333,NA,NA,1,6,Swedish,387670,hopp,jump,8,"hoppas, hoppa, hopp, hoppe, hoppar, hoppade, hoppat, hopps",190,5.5,190,6.209027777777778,31,65,17
hästens,3,3,8.666666666666666,NA,NA,NA,7,Swedish,387670,häst,horse,5,"hästar, hästarna, hästen, häst, hästens",278,6.2,278,7.741134543676264,5,133,5
hoppade,2,2,5.5,NA,NA,NA,7,Swedish,387670,hopp,jump,8,"hoppas, hoppa, hopp, hoppe, hoppar, hoppade, hoppat, hopps",190,5.5,190,6.209027777777778,31,65,17
hoppat,1,1,11,NA,NA,NA,6,Swedish,387670,hopp,jump,8,"hoppas, hoppa, hopp, hoppe, hoppar, hoppade, hoppat, hopps",190,5.5,190,6.209027777777778,31,65,17
blåser,4,4,7.25,NA,1,1,6,Swedish,387670,blås,blow,3,"blåsa, blåser, blås",41,5,41,6.092592592592593,0,10,1
hämtat,2,2,8,NA,NA,NA,6,Swedish,387670,hämt,get,4,"hämta, hämt, hämtar, hämtat",214,5.25,214,6.476613488034808,0,16,13
mig,41,41,8.804878048780488,NA,18,NA,3,Swedish,387670,mig,my,1,mig,41,3,41,8.804878048780488,0,18,0
mina,15,15,6.333333333333333,NA,NA,2,4,Swedish,387670,min,mine,2,"min, mina",172,3.5,172,6.883227176220807,0,18,9
pennor,5,5,3.8,1,3,NA,6,Swedish,387670,penn,pen/pencil,4,"penna, pennor, pennorna, pennerna",47,6.75,47,7.552941176470588,1,23,0
lammen,3,3,4.333333333333333,NA,1,2,6,Swedish,387670,lamm,lamb,2,"lamm, lammen",52,5,52,5.891156462585034,0,27,4
leksaker,3,3,8.333333333333334,NA,1,NA,8,Swedish,387670,leksak,toy (object),3,"leksakerna, leksak, leksaker",7,8,7,9.333333333333334,0,3,0
sparkar,5,5,6,NA,NA,2,7,Swedish,387670,spark,kick,2,"sparka, sparkar",21,6.5,21,6.90625,0,0,4
inger,1,1,4,NA,1,NA,5,Swedish,387670,ing,none,5,"ingen, inga, inge, inger, ing",81,4.2,81,6.020315818635146,1,7,6
hopps,2,2,1,2,NA,NA,5,Swedish,387670,hopp,jump,8,"hoppas, hoppa, hopp, hoppe, hoppar, hoppade, hoppat, hopps",190,5.5,190,6.209027777777778,31,65,17
plask,3,3,9,NA,1,NA,5,Swedish,387670,plask,splash,2,"plaska, plask",7,5.5,7,9,0,1,0
katterna,3,3,8,NA,1,NA,8,Swedish,387670,katt,cat,5,"katten, katt, kattens, katta, katterna",190,6,190,7.200122972690782,2,102,5
nallen,3,3,4.333333333333333,NA,1,NA,6,Swedish,387670,nall,teddybear,2,"nalle, nallen",112,5.5,112,5.285932721712538,2,45,5
lastbilen,2,2,9,NA,1,NA,9,Swedish,387670,lastbil,truck,2,"lastbilen, lastbil",5,8,5,10.166666666666668,1,1,0
bollen,27,27,5.111111111111111,1,15,1,6,Swedish,387670,boll,ball,4,"boll, bollen, bollar, bollarna",112,6,112,6.074074074074074,2,56,2
våta,2,2,8,NA,NA,NA,4,Swedish,387670,våt,wet (description),2,"våt, våta",19,3.5,19,7.647058823529411,0,7,1
tvättar,6,6,7.833333333333333,NA,NA,NA,7,Swedish,387670,tvätt,wash,7,"tvätta, tvättar, tvättat, tvättade, tvätten, tvätt, tvättas",109,6.714285714285714,109,7.072916666666667,0,9,4
rena,2,2,6,NA,1,NA,4,Swedish,387670,ren,clean (description),2,"rena, ren",17,3.5,17,7.033333333333333,0,5,0
ugnen,3,3,12,NA,2,NA,5,Swedish,387670,ugn,oven,2,"ugn, ugnen",6,4,6,8.666666666666666,0,5,0
borstar,2,2,5.5,NA,NA,NA,7,Swedish,387670,borst,broom,6,"borsten, borsta, borstar, borstat, borste, borstas",88,6.666666666666667,88,6.286274509803921,1,7,6
nattlinne,1,1,6,NA,NA,NA,9,Swedish,387670,nattlin,nightgown,1,nattlinne,1,9,1,6,0,0,0
sover,8,8,6.25,NA,8,NA,5,Swedish,387670,sov,asleep,3,"sova, sov, sover",139,4,139,6.444184839044652,0,49,8
sover,8,8,6.25,NA,8,NA,5,Swedish,387670,sov,sleep,3,"sova, sov, sover",139,4,139,6.444184839044652,0,49,8
hjälps,1,1,14,NA,NA,NA,6,Swedish,387670,hjälp,help,5,"hjälpa, hjälpas, hjälp, hjälper, hjälps",206,6.2,206,7.866891587944219,6,10,14
fiskare,1,1,2,NA,1,NA,7,Swedish,387670,fisk,fish (animal),6,"fisk, fiska, fisken, fiskar, fiskare, fiskarna",92,6,92,8.57037037037037,1,46,1
fiskare,1,1,2,NA,1,NA,7,Swedish,387670,fisk,fish (food),6,"fisk, fiska, fisken, fiskar, fiskare, fiskarna",92,6,92,8.57037037037037,1,46,1
kakor,3,3,5.333333333333333,NA,2,NA,5,Swedish,387670,kak,cookie,3,"kaka, kak, kakor",83,4,83,5.156156156156156,2,59,0
grisar,7,7,6.857142857142857,NA,3,NA,6,Swedish,387670,gris,pig,6,"grisen, gris, grisar, grisarna, grisens, grisig",142,6.166666666666667,142,6.86871921182266,6,62,6
landet,6,6,10.166666666666666,NA,2,NA,6,Swedish,387670,landet,field,1,landet,6,6,6,10.166666666666666,0,2,0
dörren,14,14,5.928571428571429,NA,6,NA,6,Swedish,387670,dörr,door,3,"dörrarna, dörr, dörren",32,6,32,4.799719887955182,0,17,1
springer,9,9,6.222222222222222,NA,NA,3,8,Swedish,387670,spring,run,3,"springa, springer, spring",43,7,43,8.851851851851851,0,6,4
björnens,2,2,4.5,NA,NA,1,8,Swedish,387670,björn,bear,4,"björn, björnen, björnens, björne",60,6.5,60,6.502551020408164,0,33,1
mjölka,1,1,4,NA,NA,NA,6,Swedish,387670,mjölk,milk,3,"mjölk, mjölken, mjölka",149,6,149,4.906103286384977,2,67,10
möss,2,2,3.5,NA,2,NA,4,Swedish,387670,möss,hat,2,"mössa, möss",58,4.5,58,4.642857142857142,1,40,0
ing,1,1,4,NA,1,NA,3,Swedish,387670,ing,none,5,"ingen, inga, inge, inger, ing",81,4.2,81,6.020315818635146,1,7,6
ljusen,6,6,6.666666666666667,NA,2,NA,6,Swedish,387670,ljus,candle,2,"ljus, ljusen",34,5,34,6.958333333333334,1,13,1
grisarna,10,10,6.2,NA,6,1,8,Swedish,387670,gris,pig,6,"grisen, gris, grisar, grisarna, grisens, grisig",142,6.166666666666667,142,6.86871921182266,6,62,6
bussen,16,16,6.1875,1,5,1,6,Swedish,387670,buss,bus,2,"buss, bussen",51,5,51,6.879464285714286,1,25,1
människa,2,2,10.5,NA,1,NA,8,Swedish,387670,människ,people,2,"människa, människor",3,8.5,3,13.75,0,1,0
gård,2,2,3.5,NA,2,NA,4,Swedish,387670,gård,yard,2,"gård, gården",4,5,4,6.75,0,4,0
barnvagnen,3,3,10.666666666666666,NA,2,NA,10,Swedish,387670,barnvagn,stroller,1,barnvagnen,3,10,3,10.666666666666666,0,2,0
tung,4,4,5.5,NA,3,NA,4,Swedish,387670,tung,tongue,2,"tunga, tung",11,4.5,11,5.678571428571429,0,7,0
stolarna,1,1,6,NA,NA,NA,8,Swedish,387670,stol,chair,3,"stol, stolen, stolarna",120,6,120,7.095695695695696,0,64,1
ren,15,15,8.066666666666666,NA,4,NA,3,Swedish,387670,ren,clean (description),2,"rena, ren",17,3.5,17,7.033333333333333,0,5,0
björne,2,2,7,NA,1,NA,6,Swedish,387670,björn,bear,4,"björn, björnen, björnens, björne",60,6.5,60,6.502551020408164,0,33,1
pojkarna,1,1,6,NA,1,NA,8,Swedish,387670,pojk,boy,6,"pojkar, pojkens, pojken, pojke, pojk, pojkarna",134,6,134,5.809523809523809,3,49,2
stängd,3,3,6.666666666666667,NA,1,NA,6,Swedish,387670,stäng,close,7,"stängdes, stänga, stäng, stängde, stängd, stänger, stängt",90,6.428571428571429,90,5.329081632653061,4,17,9
dagar,1,1,2,NA,1,NA,5,Swedish,387670,dag,day,4,"dag, dagen, dagar, dags",18,4.25,18,7.365384615384615,0,9,0
ritat,17,17,8.823529411764707,NA,3,NA,5,Swedish,387670,rit,draw,5,"rita, ritar, rit, ritat, rite",354,4.2,354,7.029480075901328,3,51,12
ballongen,16,16,6.5625,NA,8,NA,9,Swedish,387670,ballong,balloon,3,"ballong, ballongen, ballonger",48,8.333333333333334,48,7.176747311827957,2,21,1
kastar,7,7,4.571428571428571,NA,NA,2,6,Swedish,387670,kast,throw,4,"kasta, kastar, kastade, kastat",37,6,37,6.928571428571429,0,3,5
kaninerna,1,1,7,NA,NA,NA,9,Swedish,387670,kanin,bunny,5,"kanin, kaniner, kaninen, kaninerna, kaninens",102,7.2,102,6.746000594707107,3,58,2
byxerna,14,14,7.5,NA,4,NA,7,Swedish,387670,byx,pants,6,"byxorna, byxerna, byxer, byxor, byxen, byxa",55,5.5,55,6.2375992063492065,1,26,0
blöjerna,1,1,2,NA,1,NA,8,Swedish,387670,blöj,diaper,3,"blöjerna, blöja, blöjorna",15,7,15,4.897435897435897,0,7,1
simmar,2,2,2,NA,1,1,6,Swedish,387670,simm,swim,4,"simma, simmar, simmat, simmade",45,6,45,9.652439024390244,0,19,3
kudde,16,16,6.0625,NA,6,1,5,Swedish,387670,kudd,pillow,3,"kudde, kudden, kuddarna",23,6.333333333333333,23,6.020833333333333,0,9,1
foten,9,9,4.777777777777778,NA,7,NA,5,Swedish,387670,fot,foot,2,"fot, foten",15,4,15,6.388888888888889,0,8,0
hammare,3,3,9.333333333333334,NA,NA,NA,7,Swedish,387670,hamm,hammer,2,"hammare, hammaren",14,7.5,14,8.893939393939394,0,3,0
stenar,4,4,4.75,NA,2,NA,6,Swedish,387670,sten,rock (object),5,"sten, stena, stenar, stenen, stenarna",39,5.8,39,5.596666666666667,0,20,1
lamper,1,1,5,NA,1,NA,6,Swedish,387670,lamp,lamp,3,"lampa, lampor, lamper",39,5.666666666666667,39,8.5,4,13,0
blommer,1,1,5,NA,1,NA,7,Swedish,387670,blomm,flower,5,"blomma, blommor, blommer, blommerna, blommorna",70,7.6,70,5.8191256830601095,4,36,0
lär,3,3,10.666666666666666,NA,NA,NA,3,Swedish,387670,lär,teacher,2,"lära, lär",16,3.5,16,10.910256410256409,0,0,0
väntar,5,5,9.4,NA,1,NA,6,Swedish,387670,vänt,wait,4,"vänta, vänt, väntar, väntade",216,5.5,216,7.4341346153846155,36,26,78
tittat,5,5,7.8,NA,1,NA,6,Swedish,387670,titt,look,6,"titta, tittar, titte, titt, tittat, tittade",1787,5.5,1787,7.600301821726229,155,166,671
jagar,1,1,7,NA,NA,NA,5,Swedish,387670,jag,i,4,"jag, jagade, jagar, jaga",358,4.5,358,6.135741265344665,0,29,104
månen,4,4,5.75,NA,2,1,5,Swedish,387670,mån,moon,5,"måne, månen, månade, månad, måns",10,4.8,10,7.283333333333333,0,5,1
haka,3,3,10.666666666666666,NA,NA,NA,4,Swedish,387670,hak,chin,1,haka,3,4,3,10.666666666666666,0,0,0
bryter,2,2,5.5,NA,NA,1,6,Swedish,387670,bryt,break,3,"bryta, bryt, bryter",6,5,6,6.055555555555555,0,0,1
kyrkan,1,1,7,NA,1,NA,6,Swedish,387670,kyrkan,church,1,kyrkan,1,6,1,7,0,1,0
torr,4,4,9.5,NA,NA,NA,4,Swedish,387670,torr,dry (description),2,"torr, torra",7,4.5,7,6.75,0,3,0
blöja,13,13,8.692307692307692,NA,6,NA,5,Swedish,387670,blöj,diaper,3,"blöjerna, blöja, blöjorna",15,7,15,4.897435897435897,0,7,1
tanten,1,1,18,NA,NA,NA,6,Swedish,387670,tant,aunt,4,"fast, tant, tanten, faster",280,5,280,10.342105263157894,1,28,112
pärlor,4,4,7.75,1,1,2,6,Swedish,387670,pärl,beads,1,pärlor,4,6,4,7.75,1,1,2
blommerna,1,1,8,NA,NA,NA,9,Swedish,387670,blomm,flower,5,"blomma, blommor, blommer, blommerna, blommorna",70,7.6,70,5.8191256830601095,4,36,0
filter,1,1,5,NA,1,NA,6,Swedish,387670,filt,blanket,3,"filt, filter, filten",5,5.333333333333333,5,6,0,3,0
rören,2,2,7,NA,NA,NA,5,Swedish,387670,rör,touch,4,"rör, röra, rören, rörelse",51,4.75,51,7.412087912087912,0,3,1
sängen,13,13,8.307692307692308,NA,8,NA,6,Swedish,387670,säng,bed,2,"säng, sängen",78,5,78,7.892307692307693,1,46,1
mörkt,5,5,6,NA,2,NA,5,Swedish,387670,mörk,dark,3,"mörk, mörkt, mörkare",7,5.333333333333333,7,6.333333333333333,0,3,0
osten,5,5,7.2,NA,3,NA,5,Swedish,387670,ost,cheese,2,"ost, osten",55,4,55,6.8100000000000005,4,28,1
skorpa,5,5,12.6,NA,NA,NA,6,Swedish,387670,skorp,cracker,3,"kex, kexen, skorpa",19,4.666666666666667,19,8.866666666666667,0,7,2
stänger,15,15,6.2,NA,NA,1,7,Swedish,387670,stäng,close,7,"stängdes, stänga, stäng, stängde, stängd, stänger, stängt",90,6.428571428571429,90,5.329081632653061,4,17,9
knivar,1,1,3,NA,NA,NA,6,Swedish,387670,kniv,knife,4,"kniv, knivar, kniven, knivarna",27,6,27,6.575,2,13,1
docker,1,1,14,NA,NA,NA,6,Swedish,387670,dock,doll,5,"docka, docker, dockorna, dock, dockor",61,5.8,61,9.378181818181819,2,27,2
hammaren,11,11,8.454545454545455,NA,3,NA,8,Swedish,387670,hamm,hammer,2,"hammare, hammaren",14,7.5,14,8.893939393939394,0,3,0
öppnar,7,7,8.714285714285714,NA,1,NA,6,Swedish,387670,öppn,open (action),2,"öppna, öppnar",147,5.5,147,8.085714285714285,0,13,11
byxer,14,14,9.428571428571429,NA,7,NA,5,Swedish,387670,byx,pants,6,"byxorna, byxerna, byxer, byxor, byxen, byxa",55,5.5,55,6.2375992063492065,1,26,0
skriver,2,2,8.5,NA,NA,NA,7,Swedish,387670,skriv,write,2,"skriva, skriver",25,6.5,25,7.25,0,5,0
borde,1,1,5,NA,NA,NA,5,Swedish,387670,bord,table,2,"bord, borde",22,4.5,22,5.833333333333334,3,9,0
visade,3,3,5.333333333333333,NA,NA,3,6,Swedish,387670,vis,show,4,"visa, vis, visade, visar",144,4.5,144,7.318518518518518,0,8,20
tittade,4,4,11.25,NA,NA,NA,7,Swedish,387670,titt,look,6,"titta, tittar, titte, titt, tittat, tittade",1787,5.5,1787,7.600301821726229,155,166,671
fiskarna,6,6,14.5,NA,3,NA,8,Swedish,387670,fisk,fish (animal),6,"fisk, fiska, fisken, fiskar, fiskare, fiskarna",92,6,92,8.57037037037037,1,46,1
fiskarna,6,6,14.5,NA,3,NA,8,Swedish,387670,fisk,fish (food),6,"fisk, fiska, fisken, fiskar, fiskare, fiskarna",92,6,92,8.57037037037037,1,46,1
blommorna,3,3,6.333333333333333,NA,2,NA,9,Swedish,387670,blomm,flower,5,"blomma, blommor, blommer, blommerna, blommorna",70,7.6,70,5.8191256830601095,4,36,0
söta,1,1,1,1,NA,NA,4,Swedish,387670,söt,sweet,2,"söt, söta",23,3.5,23,2.9318181818181817,1,14,0
mörkare,1,1,9,NA,NA,NA,7,Swedish,387670,mörk,dark,3,"mörk, mörkt, mörkare",7,5.333333333333333,7,6.333333333333333,0,3,0
tvåla,5,5,14.6,NA,NA,1,5,Swedish,387670,tvål,soap,4,"tvål, tvåla, tvålen, tvålat",31,5.25,31,8.775,0,9,4
kinden,5,5,3.4,1,4,NA,6,Swedish,387670,kind,cheek,1,kinden,5,6,5,3.4,1,4,0
kniven,4,4,6.25,NA,NA,NA,6,Swedish,387670,kniv,knife,4,"kniv, knivar, kniven, knivarna",27,6,27,6.575,2,13,1
goda,1,1,5,NA,NA,NA,4,Swedish,387670,god,good,3,"god, godast, goda",94,4.333333333333333,94,4.159420289855072,0,66,7
smörgåsar,1,1,5,NA,1,NA,9,Swedish,387670,smörgås,sandwich,2,"smörgås, smörgåsar",10,8,10,5.055555555555555,0,7,1
ekorrar,1,1,7,NA,1,NA,7,Swedish,387670,ekorr,squirrel,1,ekorrar,1,7,1,7,0,1,0
stenen,2,2,8,NA,NA,NA,6,Swedish,387670,sten,rock (object),5,"sten, stena, stenar, stenen, stenarna",39,5.8,39,5.596666666666667,0,20,1
stenarna,1,1,6,NA,NA,NA,8,Swedish,387670,sten,rock (object),5,"sten, stena, stenar, stenen, stenarna",39,5.8,39,5.596666666666667,0,20,1
stängt,5,5,5.8,NA,5,NA,6,Swedish,387670,stäng,close,7,"stängdes, stänga, stäng, stängde, stängd, stänger, stängt",90,6.428571428571429,90,5.329081632653061,4,17,9
tvättat,3,3,7,NA,NA,NA,7,Swedish,387670,tvätt,wash,7,"tvätta, tvättar, tvättat, tvättade, tvätten, tvätt, tvättas",109,6.714285714285714,109,7.072916666666667,0,9,4
trasa,1,1,16,NA,NA,NA,5,Swedish,387670,tras,broken,2,"trasa, trasig",3,5.5,3,11,0,1,0
pyjamasen,3,3,10.666666666666666,NA,1,NA,9,Swedish,387670,pyjamas,pajamas,2,"pyjamas, pyjamasen",16,8,16,8.679487179487179,0,9,0
pussas,2,2,4.5,1,NA,NA,6,Swedish,387670,puss,kiss,4,"puss, pussa, pussar, pussas",72,5.25,72,4.595518207282913,3,39,4
byxor,16,16,5.6875,1,6,NA,5,Swedish,387670,byx,pants,6,"byxorna, byxerna, byxer, byxor, byxen, byxa",55,5.5,55,6.2375992063492065,1,26,0
bilder,6,6,12,NA,4,NA,6,Swedish,387670,bild,picture,4,"bild, bilden, bilder, bildad",49,5.5,49,10.459375,0,18,1
kallade,1,1,12,NA,NA,NA,7,Swedish,387670,kall,cold,6,"kallades, kalle, kall, kallas, kallade, kalla",98,5.833333333333333,98,8.484834834834835,2,13,14
mera,31,31,4.870967741935484,5,7,7,4,Swedish,387670,mer,more,2,"mer, mera",601,3.5,601,5.847764572722128,9,176,16
stjärnor,1,1,6,NA,NA,NA,8,Swedish,387670,stjärn,star,2,"stjärna, stjärnor",25,7.5,25,5.25,1,13,0
äpplen,8,8,4.875,1,4,NA,6,Swedish,387670,äppl,apple,2,"äpple, äpplen",43,5.5,43,5.523214285714285,5,19,4
badade,2,2,19.5,NA,NA,NA,6,Swedish,387670,bad,bath,5,"bada, bad, badar, badat, badade",164,4.6,164,10.291475826972011,0,57,9
månade,1,1,15,NA,NA,NA,6,Swedish,387670,mån,moon,5,"måne, månen, månade, månad, måns",10,4.8,10,7.283333333333333,0,5,1
stranden,4,4,7,NA,2,NA,8,Swedish,387670,strand,beach,2,"stranden, strand",5,7,5,16,0,2,0
försiktig,1,1,38,NA,NA,NA,9,Swedish,387670,försikt,careful,2,"försiktigt, försiktig",8,9.5,8,21.928571428571427,1,3,0
tackar,1,1,1,1,NA,NA,6,Swedish,387670,tack,thank you,3,"tack, tacka, tackar",381,5,381,3.559976422045388,94,171,78
anker,2,2,10,NA,1,NA,5,Swedish,387670,ank,duck,4,"anka, ank, anker, ankas",61,4.25,61,5.8125,1,35,0
tvålen,5,5,7.2,NA,2,1,6,Swedish,387670,tvål,soap,4,"tvål, tvåla, tvålen, tvålat",31,5.25,31,8.775,0,9,4
tvålat,1,1,7,NA,NA,NA,6,Swedish,387670,tvål,soap,4,"tvål, tvåla, tvålen, tvålat",31,5.25,31,8.775,0,9,4
dockorna,2,2,10,NA,NA,NA,8,Swedish,387670,dock,doll,5,"docka, docker, dockorna, dock, dockor",61,5.8,61,9.378181818181819,2,27,2
trasig,2,2,6,NA,1,NA,6,Swedish,387670,tras,broken,2,"trasa, trasig",3,5.5,3,11,0,1,0
kissat,2,2,8,NA,1,NA,6,Swedish,387670,kiss,kitty,5,"kissa, kissen, kisse, kissat, kiss",39,5.2,39,6.233333333333333,1,19,4
kiss,1,1,7,NA,NA,NA,4,Swedish,387670,kiss,kitty,5,"kissa, kissen, kisse, kissat, kiss",39,5.2,39,6.233333333333333,1,19,4
rite,1,1,5,NA,NA,NA,4,Swedish,387670,rit,draw,5,"rita, ritar, rit, ritat, rite",354,4.2,354,7.029480075901328,3,51,12
filten,2,2,3,NA,2,NA,6,Swedish,387670,filt,blanket,3,"filt, filter, filten",5,5.333333333333333,5,6,0,3,0
borstat,1,1,7,NA,NA,NA,7,Swedish,387670,borst,broom,6,"borsten, borsta, borstar, borstat, borste, borstas",88,6.666666666666667,88,6.286274509803921,1,7,6
kudden,6,6,8,NA,3,NA,6,Swedish,387670,kudd,pillow,3,"kudde, kudden, kuddarna",23,6.333333333333333,23,6.020833333333333,0,9,1
jaga,3,3,5.333333333333333,NA,NA,1,4,Swedish,387670,jag,i,4,"jag, jagade, jagar, jaga",358,4.5,358,6.135741265344665,0,29,104
byxen,1,1,4,NA,1,NA,5,Swedish,387670,byx,pants,6,"byxorna, byxerna, byxer, byxor, byxen, byxa",55,5.5,55,6.2375992063492065,1,26,0
vare,1,1,6,NA,NA,NA,4,Swedish,387670,var,where (question),3,"var, vara, vare",1772,3.6666666666666665,1772,6.40640307662077,16,86,834
dära,1,1,9,NA,NA,NA,4,Swedish,387670,där,there,2,"där, dära",7341,3.5,7341,7.753133514986375,135,2503,1315
strand,1,1,25,NA,NA,NA,6,Swedish,387670,strand,beach,2,"stranden, strand",5,7,5,16,0,2,0
dags,3,3,12,NA,1,NA,4,Swedish,387670,dag,day,4,"dag, dagen, dagar, dags",18,4.25,18,7.365384615384615,0,9,0
kalla,3,3,9,NA,NA,NA,5,Swedish,387670,kall,cold,6,"kallades, kalle, kall, kallas, kallade, kalla",98,5.833333333333333,98,8.484834834834835,2,13,14
apelsiner,1,1,2,NA,1,NA,9,Swedish,387670,apelsin,orange (food),2,"apelsin, apelsiner",9,8,9,2.9375,1,4,2
kastade,1,1,8,NA,NA,NA,7,Swedish,387670,kast,throw,4,"kasta, kastar, kastade, kastat",37,6,37,6.928571428571429,0,3,5
kastat,1,1,8,NA,NA,NA,6,Swedish,387670,kast,throw,4,"kasta, kastar, kastade, kastat",37,6,37,6.928571428571429,0,3,5
mats,3,3,4,NA,1,NA,4,Swedish,387670,mat,feed,4,"mat, mata, maten, mats",342,4,342,6.443595227000399,6,139,9
mats,3,3,4,NA,1,NA,4,Swedish,387670,mat,food,4,"mat, mata, maten, mats",342,4,342,6.443595227000399,6,139,9
knappar,3,3,8,NA,1,NA,7,Swedish,387670,knapp,button,3,"knapp, knappar, knappen",14,6.333333333333333,14,6.777777777777778,1,5,0
armar,4,4,12.25,NA,1,NA,5,Swedish,387670,arm,arm,4,"armen, arm, armarna, armar",37,5,37,8.419471153846153,1,18,0
overallen,1,1,6,NA,NA,NA,9,Swedish,387670,overall,overalls,2,"overall, overallen",4,8,4,5.333333333333334,0,3,0
pennorna,6,6,8,NA,1,NA,8,Swedish,387670,penn,pen/pencil,4,"penna, pennor, pennorna, pennerna",47,6.75,47,7.552941176470588,1,23,0
bollar,3,3,6,NA,NA,NA,6,Swedish,387670,boll,ball,4,"boll, bollen, bollar, bollarna",112,6,112,6.074074074074074,2,56,2
ballonger,1,1,8,NA,NA,NA,9,Swedish,387670,ballong,balloon,3,"ballong, ballongen, ballonger",48,8.333333333333334,48,7.176747311827957,2,21,1
bollarna,1,1,7,NA,NA,NA,8,Swedish,387670,boll,ball,4,"boll, bollen, bollar, bollarna",112,6,112,6.074074074074074,2,56,2
klossar,4,4,6.25,NA,2,NA,7,Swedish,387670,kloss,block,3,"kloss, klossarna, klossar",14,7,14,6.5,0,6,0
brrr,1,1,1,1,NA,NA,4,Swedish,387670,brrr,vroom,1,brrr,1,4,1,1,1,0,0
uppa,3,3,6.666666666666667,NA,1,NA,4,Swedish,387670,upp,up,3,"uppe, upp, uppa",1228,3.6666666666666665,1228,7.5623798206347015,1,201,32
pennerna,2,2,12.5,NA,NA,NA,8,Swedish,387670,penn,pen/pencil,4,"penna, pennor, pennorna, pennerna",47,6.75,47,7.552941176470588,1,23,0
russinen,1,1,10,NA,NA,NA,8,Swedish,387670,russin,raisin,2,"russin, russinen",9,7,9,9.75,0,3,0
blås,1,1,5,NA,NA,NA,4,Swedish,387670,blås,blow,3,"blåsa, blåser, blås",41,5,41,6.092592592592593,0,10,1
leks,1,1,4,NA,1,NA,4,Swedish,387670,lek,play,4,"leka, leker, lek, leks",191,4,191,8.035240963855422,1,24,4
månad,1,1,9,NA,NA,NA,5,Swedish,387670,mån,moon,5,"måne, månen, månade, månad, måns",10,4.8,10,7.283333333333333,0,5,1
knivarna,2,2,9,NA,1,NA,8,Swedish,387670,kniv,knife,4,"kniv, knivar, kniven, knivarna",27,6,27,6.575,2,13,1
tvättade,1,1,6,NA,1,NA,8,Swedish,387670,tvätt,wash,7,"tvätta, tvättar, tvättat, tvättade, tvätten, tvätt, tvättas",109,6.714285714285714,109,7.072916666666667,0,9,4
tvätten,1,1,9,NA,NA,NA,7,Swedish,387670,tvätt,wash,7,"tvätta, tvättar, tvättat, tvättade, tvätten, tvätt, tvättas",109,6.714285714285714,109,7.072916666666667,0,9,4
ugglerna,1,1,21,NA,NA,NA,8,Swedish,387670,uggl,owl,3,"uggla, ugglerna, ugglas",35,6.333333333333333,35,10.383838383838384,1,23,0
människor,1,1,17,NA,NA,NA,9,Swedish,387670,människ,people,2,"människa, människor",3,8.5,3,13.75,0,1,0
brandbilen,2,2,3,NA,2,NA,10,Swedish,387670,brandbil,firetruck,2,"brandbilen, brandbil",5,9,5,4.166666666666666,0,3,0
dock,2,2,5,NA,NA,1,4,Swedish,387670,dock,doll,5,"docka, docker, dockorna, dock, dockor",61,5.8,61,9.378181818181819,2,27,2
kramar,1,1,3,NA,1,NA,6,Swedish,387670,kram,hug,4,"kram, krama, kramas, kramar",27,5.25,27,4.625,1,11,3
borste,10,10,9.1,1,3,NA,6,Swedish,387670,borst,broom,6,"borsten, borsta, borstar, borstat, borste, borstas",88,6.666666666666667,88,6.286274509803921,1,7,6
gråter,1,1,16,NA,NA,NA,6,Swedish,387670,gråt,cry,2,"gråta, gråter",3,5.5,3,11.75,0,0,0
skjort,1,1,13,NA,NA,NA,6,Swedish,387670,skjort,shirt,2,"skjorta, skjort",14,6.5,14,11.115384615384615,0,8,1
visar,2,2,7,NA,NA,NA,5,Swedish,387670,vis,show,4,"visa, vis, visade, visar",144,4.5,144,7.318518518518518,0,8,20
smutsa,2,2,7.5,NA,NA,NA,6,Swedish,387670,smuts,dirty,3,"smuts, smutsig, smutsa",10,6,10,6.222222222222222,0,6,0
finge,1,1,10,NA,NA,NA,5,Swedish,387670,fing,finger,3,"finger, finge, fing",10,5,10,7.208333333333333,0,5,0
tvätt,1,1,8,NA,NA,NA,5,Swedish,387670,tvätt,wash,7,"tvätta, tvättar, tvättat, tvättade, tvätten, tvätt, tvättas",109,6.714285714285714,109,7.072916666666667,0,9,4
fing,1,1,4,NA,NA,NA,4,Swedish,387670,fing,finger,3,"finger, finge, fing",10,5,10,7.208333333333333,0,5,0
faster,1,1,8,NA,NA,NA,6,Swedish,387670,fast,aunt,4,"fast, tant, tanten, faster",280,5,280,10.342105263157894,1,28,112
köttbulle,3,3,3.6666666666666665,NA,3,NA,9,Swedish,387670,köttbull,meatball,1,köttbulle,3,9,3,3.6666666666666665,0,3,0
träden,2,2,2.5,NA,2,NA,6,Swedish,387670,träd,tree,2,"träd, träden",47,5,47,4.983333333333333,2,21,0
glasögonen,1,1,3,NA,NA,NA,10,Swedish,387670,glasögon,glasses,3,"glasögon, glasögona, glasögonen",8,9,8,3.944444444444444,0,6,0
knappen,3,3,4.333333333333333,NA,1,NA,7,Swedish,387670,knapp,button,3,"knapp, knappar, knappen",14,6.333333333333333,14,6.777777777777778,1,5,0
tvättas,1,1,4,NA,1,NA,7,Swedish,387670,tvätt,wash,7,"tvätta, tvättar, tvättat, tvättade, tvätten, tvätt, tvättas",109,6.714285714285714,109,7.072916666666667,0,9,4
blöjorna,1,1,4,NA,NA,1,8,Swedish,387670,blöj,diaper,3,"blöjerna, blöja, blöjorna",15,7,15,4.897435897435897,0,7,1
skada,1,1,6,NA,NA,NA,5,Swedish,387670,skad,hurt (description),1,skada,1,5,1,6,0,0,0
brandbil,3,3,5.333333333333333,NA,1,NA,8,Swedish,387670,brandbil,firetruck,2,"brandbilen, brandbil",5,9,5,4.166666666666666,0,3,0
vantar,1,1,3,NA,1,NA,6,Swedish,387670,vant,mittens,3,"vante, vantar, vanten",12,5.666666666666667,12,4.763888888888889,0,9,0
vanten,3,3,4.666666666666667,NA,3,NA,6,Swedish,387670,vant,mittens,3,"vante, vantar, vanten",12,5.666666666666667,12,4.763888888888889,0,9,0
kittlade,1,1,2,NA,NA,1,8,Swedish,387670,kittl,tickle,3,"kittlas, kittla, kittlade",4,7,4,4,0,1,1
moroten,1,1,1,1,NA,NA,7,Swedish,387670,morot,carrots,2,"morot, moroten",11,6,11,3.9,1,6,0
biter,3,3,5.333333333333333,NA,NA,NA,5,Swedish,387670,bit,bite,6,"bit, bitar, biten, bita, bitarna, biter",193,4.833333333333333,193,7.4237670825906115,1,40,4
stövel,1,1,4,NA,1,NA,6,Swedish,387670,stövel,boots,1,stövel,1,6,1,4,0,1,0
dåliga,1,1,3,NA,1,NA,6,Swedish,387670,dål,bad,3,"dåliga, dåligt, dålig",4,5.666666666666667,4,5.166666666666667,0,2,0
torra,3,3,4,NA,3,NA,5,Swedish,387670,torr,dry (description),2,"torr, torra",7,4.5,7,6.75,0,3,0
kuddarna,1,1,4,NA,NA,NA,8,Swedish,387670,kudd,pillow,3,"kudde, kudden, kuddarna",23,6.333333333333333,23,6.020833333333333,0,9,1
hårda,1,1,2,NA,NA,1,5,Swedish,387670,hård,hard,5,"hård, svår, hårda, svårare, svåraste",17,5.6,17,8.66,0,8,1
måns,1,1,4,NA,1,NA,4,Swedish,387670,mån,moon,5,"måne, månen, månade, månad, måns",10,4.8,10,7.283333333333333,0,5,1
glada,1,1,3,NA,NA,NA,5,Swedish,387670,glad,happy,2,"glad, glada",90,4.5,90,5.129213483146067,1,43,0
ugglas,1,1,5,NA,NA,NA,6,Swedish,387670,uggl,owl,3,"uggla, ugglerna, ugglas",35,6.333333333333333,35,10.383838383838384,1,23,0
lastbil,3,3,11.333333333333334,1,NA,NA,7,Swedish,387670,lastbil,truck,2,"lastbilen, lastbil",5,8,5,10.166666666666668,1,1,0
säg,5,5,4.6,NA,2,3,3,Swedish,387670,säg,say,3,"säger, säga, säg",125,4,125,5.86218437173166,1,13,12
flickor,1,1,5,NA,NA,NA,7,Swedish,387670,flick,girl,4,"flicka, flickorna, flickor, flick",107,6.75,107,6.055288461538462,1,52,1
flick,1,1,2,NA,1,NA,5,Swedish,387670,flick,girl,4,"flicka, flickorna, flickor, flick",107,6.75,107,6.055288461538462,1,52,1
bror,1,1,15,NA,NA,NA,4,Swedish,387670,bror,brother,1,bror,1,4,1,15,0,0,0
spring,1,1,12,NA,NA,NA,6,Swedish,387670,spring,run,3,"springa, springer, spring",43,7,43,8.851851851851851,0,6,4
snabb,2,2,4,NA,1,NA,5,Swedish,387670,snabb,quick,3,"snabb, snabbast, snabba",4,6.333333333333333,4,5,0,1,0
jeans,1,1,4,NA,NA,1,5,Swedish,387670,jean,jeans,1,jeans,1,5,1,4,0,0,1
törstig,18,18,4.555555555555555,NA,17,NA,7,Swedish,387670,törst,thirsty,2,"törstiga, törstig",19,7.5,19,4.777777777777778,0,17,1
koppen,2,2,4.5,NA,1,NA,6,Swedish,387670,kopp,cup,3,"kopp, koppen, koppar",10,5.333333333333333,10,7.976190476190476,0,4,0
vader,1,1,6,NA,NA,NA,5,Swedish,387670,vad,what,2,"vad, vader",386,4,386,6.124675324675325,0,6,217
gården,2,2,10,NA,2,NA,6,Swedish,387670,gård,yard,2,"gård, gården",4,5,4,6.75,0,4,0
telefoner,1,1,7,NA,NA,1,9,Swedish,387670,telefon,telephone,3,"telefon, telefonen, telefoner",35,8.333333333333334,35,5.886574074074074,2,20,1
snabbast,1,1,5,NA,NA,NA,8,Swedish,387670,snabb,quick,3,"snabb, snabbast, snabba",4,6.333333333333333,4,5,0,1,0
dåligt,1,1,7,NA,NA,NA,6,Swedish,387670,dål,bad,3,"dåliga, dåligt, dålig",4,5.666666666666667,4,5.166666666666667,0,2,0
mormors,1,1,4,NA,NA,NA,7,Swedish,387670,mormor,grandma,5,"farmor, farmors, farm, mormor, mormors",66,6,66,5.974660633484163,3,12,11
grisens,4,4,5,NA,NA,NA,7,Swedish,387670,gris,pig,6,"grisen, gris, grisar, grisarna, grisens, grisig",142,6.166666666666667,142,6.86871921182266,6,62,6
kaninens,1,1,9,NA,NA,NA,8,Swedish,387670,kanin,bunny,5,"kanin, kaniner, kaninen, kaninerna, kaninens",102,7.2,102,6.746000594707107,3,58,2
borstas,1,1,4,NA,NA,NA,7,Swedish,387670,borst,broom,6,"borsten, borsta, borstar, borstat, borste, borstas",88,6.666666666666667,88,6.286274509803921,1,7,6
byxa,3,3,4.666666666666667,NA,3,NA,4,Swedish,387670,byx,pants,6,"byxorna, byxerna, byxer, byxor, byxen, byxa",55,5.5,55,6.2375992063492065,1,26,0
dålig,2,2,5.5,NA,1,NA,5,Swedish,387670,dål,bad,3,"dåliga, dåligt, dålig",4,5.666666666666667,4,5.166666666666667,0,2,0
koppar,1,1,12,NA,NA,NA,6,Swedish,387670,kopp,cup,3,"kopp, koppen, koppar",10,5.333333333333333,10,7.976190476190476,0,4,0
faller,1,1,26,NA,NA,NA,6,Swedish,387670,fall,fall,2,"fall, faller",80,5,80,18.575949367088608,0,49,1
halsband,1,1,9,NA,NA,NA,8,Swedish,387670,halsband,necklace,1,halsband,1,8,1,9,0,0,0
rörelse,1,1,9,NA,1,NA,7,Swedish,387670,rör,touch,4,"rör, röra, rören, rörelse",51,4.75,51,7.412087912087912,0,3,1
svårare,1,1,19,NA,NA,NA,7,Swedish,387670,svår,hard,5,"hård, svår, hårda, svårare, svåraste",17,5.6,17,8.66,0,8,1
bildad,1,1,13,NA,NA,NA,6,Swedish,387670,bild,picture,4,"bild, bilden, bilder, bildad",49,5.5,49,10.459375,0,18,1
dansar,1,1,4,NA,NA,NA,6,Swedish,387670,dans,dance,4,"dans, dansa, dan, dansar",45,4.5,45,5.417261904761904,0,29,1
mjuka,2,2,9.5,NA,NA,NA,5,Swedish,387670,mjuk,soft,3,"mjuk, mjuka, mjukare",11,5.333333333333333,11,7.208333333333333,0,1,1
snabba,1,1,6,NA,NA,NA,6,Swedish,387670,snabb,quick,3,"snabb, snabbast, snabba",4,6.333333333333333,4,5,0,1,0
ärtor,5,5,1,5,NA,NA,5,Swedish,387670,ärt,peas,2,"ärtor, ärta",6,4.5,6,1,6,0,0
ärta,1,1,1,1,NA,NA,4,Swedish,387670,ärt,peas,2,"ärtor, ärta",6,4.5,6,1,6,0,0
mjukare,1,1,6,NA,NA,NA,7,Swedish,387670,mjuk,soft,3,"mjuk, mjuka, mjukare",11,5.333333333333333,11,7.208333333333333,0,1,1
svåraste,1,1,10,NA,NA,NA,8,Swedish,387670,svår,hard,5,"hård, svår, hårda, svårare, svåraste",17,5.6,17,8.66,0,8,1
ankas,2,2,4,NA,NA,NA,5,Swedish,387670,ank,duck,4,"anka, ank, anker, ankas",61,4.25,61,5.8125,1,35,0
simmat,1,1,18,NA,NA,NA,6,Swedish,387670,simm,swim,4,"simma, simmar, simmat, simmade",45,6,45,9.652439024390244,0,19,3
väntade,1,1,5,NA,NA,NA,7,Swedish,387670,vänt,wait,4,"vänta, vänt, väntar, väntade",216,5.5,216,7.4341346153846155,36,26,78
simmade,1,1,11,NA,1,NA,7,Swedish,387670,simm,swim,4,"simma, simmar, simmat, simmade",45,6,45,9.652439024390244,0,19,3
dockor,1,1,12,NA,NA,NA,6,Swedish,387670,dock,doll,5,"docka, docker, dockorna, dock, dockor",61,5.8,61,9.378181818181819,2,27,2
lejonen,1,1,6,NA,1,NA,7,Swedish,387670,lejon,lion,2,"lejon, lejonen",31,6,31,6.15,2,16,1
middag,1,1,13,NA,1,NA,6,Swedish,387670,middag,dinner,1,middag,1,6,1,13,0,1,0
stannar,1,1,7,NA,NA,1,7,Swedish,387670,stann,stop,5,"slut, slutat, stanna, sluta, stannar",251,5.6,251,7.1495670995671,5,140,12
grisig,1,1,12,NA,NA,NA,6,Swedish,387670,gris,pig,6,"grisen, gris, grisar, grisarna, grisens, grisig",142,6.166666666666667,142,6.86871921182266,6,62,6
närheten,1,1,9,NA,NA,NA,8,Swedish,387670,när,when (question),3,"när, nära, närheten",1428,5,1428,8.767631145612796,2,5,253
lekpark,1,1,5,NA,1,NA,7,Swedish,387670,lekpark,playground,2,"lekpark, lekparken",2,8,2,6.5,0,2,0
spadar,1,1,10,NA,NA,NA,6,Swedish,387670,spad,shovel,3,"spade, spaden, spadar",11,5.666666666666667,11,6.7936507936507935,2,3,0
lekparken,1,1,8,NA,1,NA,9,Swedish,387670,lekpark,playground,2,"lekpark, lekparken",2,8,2,6.5,0,2,0
